Domain,Domain ascore,pearlscore.com,realreports.com,housecanary.com,shipshape.ai,kellybluebookhomes.com,Matches
creativeposts.top,5,0,1,11,1,1,4
optimizeflow.top,5,0,1,8,1,1,4
analyticshaven.top,5,0,3,7,1,0,3
buzzshrink.website,5,0,0,23,1,1,3
zoominfo.com,70,0,0,1,1,0,2
grokipedia.com,68,0,0,2,1,0,2
levels.fyi,56,0,0,40,1,0,2
realestatenews.com,45,0,1,3,0,0,2
highperformr.ai,40,0,0,1,1,0,2
clay.earth,39,0,0,1,2,0,2
coverager.com,39,0,0,3,1,0,2
designveloper.com,35,0,1,1,0,0,2
aithority.com,34,0,0,1,2,0,2
hicounselor.com,28,0,0,433,23,0,2
thenetwork.com,28,0,0,3,1,0,2
c212.net,27,0,0,4,5,0,2
zephyrnet.com,22,0,0,1,3,0,2
saasbrowser.com,17,0,0,1,2,0,2
startupill.com,15,0,0,3,2,0,2
investinglists.com,8,0,0,1,1,0,2
affariat-textile.tn,6,0,0,1,1,0,2
seoflox.io,6,0,0,2,1,0,2
the-network-search.vercel.app,5,0,0,1,1,0,2
urls-shortener.eu,5,0,0,15,0,1,2
1485827954.workers.dev,4,0,0,1,1,0,2
202132.xyz,4,0,0,1,1,0,2
baopinshidai.com,4,0,0,1,1,0,2
colasdn.top,4,0,0,1,1,0,2
jpy.wang,4,0,0,1,1,0,2
libinneed.workers.dev,4,0,0,1,1,0,2
slapshady.com,4,0,0,1,1,0,2
tiyicn.workers.dev,4,0,0,1,1,0,2
yxqyang.asia,4,0,0,1,1,0,2
zhanhao.online,4,0,0,40,0,4,2
zycloud.tk,4,0,0,2,2,0,2
gylab.com,3,0,0,1,1,0,2
6github.com,2,0,0,1,1,0,2
algolinkers.com,2,0,0,1,1,0,2
alphaitbuilder.com,2,0,1,1,0,0,2
apt.cn.eu.org,2,0,0,1,1,0,2
blinks.sbs,2,0,0,2,2,0,2
bluecantera.com,2,0,0,1,1,0,2
blueinblue.com,2,0,0,5,1,0,2
caimpare.ai,2,0,0,2,2,0,2
cwkhome.fun,2,0,0,1,1,0,2
globalcocolk.com,2,0,0,1,1,0,2
godevs.top,2,0,0,1,1,0,2
houheya.us.kg,2,0,0,1,1,0,2
hubp.de,2,0,0,1,2,0,2
market-reporter.biz,2,0,1,2,0,0,2
myxuebi.top,2,0,0,1,1,0,2
productionfunctionusa.com,2,0,0,1,1,0,2
sportsbikeparts.pk,2,0,0,1,1,0,2
thyrius.top,2,0,0,1,1,0,2
youtoo.in,2,0,1,0,1,0,2
zcca.site,2,0,0,1,1,0,2
gazzettabiciclettao.blogspot.com,0,0,0,1,3,0,2
rensumo.top,0,0,0,1,1,0,2
amazon.com,100,0,0,2,0,0,1
apple.com,100,0,0,0,8,0,1
indeed.com,100,0,0,1,0,0,1
theguardian.com,100,0,0,1,0,0,1
yahoo.com,100,0,0,16,0,0,1
businessinsider.com,95,0,0,6,0,0,1
bing.com,93,0,0,7,0,0,1
abcnews.go.com,90,0,0,1,0,0,1
lanacion.com.ar,90,0,0,1,0,0,1
blog.google,89,0,0,2,0,0,1
intuit.com,87,0,0,2,0,0,1
verizon.com,86,0,0,1,0,0,1
python.org,81,0,0,427,0,0,1
iheart.com,80,0,0,0,1,0,1
bluestacks.com,79,0,0,2,0,0,1
amazonaws.com,78,0,0,4,0,0,1
axios.com,74,0,0,6,0,0,1
nextdoor.com,74,0,0,1,0,0,1
wondershare.com,74,0,0,1,0,0,1
ycombinator.com,73,0,0,8,0,0,1
mdpi.com,72,0,0,1,0,0,1
prnewswire.com,72,0,0,17,0,0,1
jotform.com,71,0,0,4,0,0,1
techcrunch.com,71,0,0,3,0,0,1
ally.com,69,0,0,2,0,0,1
xsrv.jp,69,0,0,1,0,0,1
goodmorningamerica.com,67,0,0,1,0,0,1
pypi.org,67,0,0,5,0,0,1
clickup.com,66,0,0,25,0,0,1
g2.com,66,0,0,1,0,0,1
ktla.com,66,0,0,2,0,0,1
ajc.com,65,0,0,2,0,0,1
businesswire.com,65,0,0,4,0,0,1
goldmansachs.com,64,0,0,1,0,0,1
home.blog,64,0,0,1,0,0,1
rocketmortgage.com,64,0,0,1,0,0,1
teamblind.com,64,0,0,1,0,0,1
welcometothejungle.com,63,0,0,1,0,0,1
neocities.org,62,0,0,1,0,0,1
euroinnova.com,59,0,0,1,0,0,1
inc.com,59,0,0,3,0,0,1
wthr.com,59,0,0,2,0,0,1
cbinsights.com,58,0,0,1,0,0,1
expressnews.com,58,0,0,1,0,0,1
updatestar.com,58,0,0,0,14,0,1
accio.com,56,0,0,1,0,0,1
hoodline.com,56,0,0,1,0,0,1
webcatalog.io,56,0,0,28,0,0,1
ctinsider.com,55,0,0,3,0,0,1
digitaltrends.com,55,0,0,2,0,0,1
law.com,55,0,0,2,0,0,1
wondershare.fr,55,0,0,1,0,0,1
marketplace.org,54,0,0,1,0,0,1
wondershare.es,54,0,0,1,0,0,1
wpri.com,54,0,0,0,1,0,1
wtnh.com,54,0,2,0,0,0,1
comparably.com,53,0,0,7,0,0,1
glueup.com,53,0,0,0,1,0,1
mortgagenewsdaily.com,53,0,0,82,0,0,1
forbes.fr,52,0,0,1,0,0,1
fox40.com,52,0,0,0,1,0,1
insurancejournal.com,52,0,0,1,0,0,1
beehiiv.com,51,0,0,18,0,0,1
brainstation.io,51,0,0,1,0,0,1
coruzant.com,51,0,0,1,0,0,1
therealdeal.com,51,0,0,1,0,0,1
housingwire.com,50,0,0,22,0,0,1
player.fm,50,0,0,6,0,0,1
wtsp.com,50,0,0,1,0,0,1
ksby.com,49,0,0,1,0,0,1
marketchameleon.com,49,0,0,0,1,0,1
plainenglish.io,49,0,0,3,0,0,1
spectator.com,49,0,0,1,0,0,1
apidog.com,48,0,0,1,0,0,1
mrmoneymustache.com,48,0,0,1,0,0,1
mybluehost.me,48,0,0,0,3,0,1
wondershare.com.br,48,0,0,1,0,0,1
doorloop.com,47,0,0,1,0,0,1
forgeglobal.com,47,0,0,2,0,0,1
housedigest.com,47,0,0,2,0,0,1
mpamag.com,47,0,0,2,0,0,1
themortgagereports.com,47,0,0,1,0,0,1
wearegreenbay.com,47,0,0,0,1,0,1
webrazzi.com,47,0,0,1,0,0,1
wondershare.com.ru,47,0,0,1,0,0,1
biggerpockets.com,46,0,0,4021,0,0,1
blaze.today,46,0,0,1,0,0,1
floridarealtors.org,46,0,0,1,0,0,1
glassdoor.ie,46,0,0,1,0,0,1
kunc.org,46,0,0,1,0,0,1
libsyn.com,46,0,0,2,0,0,1
listwithclever.com,46,0,0,53,0,0,1
marq.com,46,0,0,6,0,0,1
reit.com,46,0,0,1,0,0,1
wfyi.org,46,0,0,1,0,0,1
captivate.fm,45,0,0,0,4,0,1
eesel.ai,45,0,0,6,0,0,1
equityzen.com,45,0,0,2,0,0,1
neverbounce.com,45,0,0,1,0,0,1
sanantonioreport.org,45,0,0,2,0,0,1
siegemedia.com,45,0,0,1,0,0,1
uwm.com,45,0,0,1,0,0,1
builtinsf.com,44,0,0,5,0,0,1
colibrirealestate.com,44,0,0,1,0,0,1
fpt.com,44,0,0,1,0,0,1
loandepot.com,44,0,0,4,0,0,1
moneytalksnews.com,44,0,0,1,0,0,1
nationalmortgageprofessional.com,44,0,0,12,0,0,1
outreach.io,44,0,0,1,0,0,1
skrapp.io,44,0,0,1,0,0,1
stessa.com,44,0,0,2,0,0,1
vcnewsdaily.com,44,0,0,2,0,0,1
aceableagent.com,43,0,0,2,0,0,1
ainvest.com,43,0,0,5,0,0,1
amraandelma.com,43,0,0,1,0,0,1
autogpt.net,43,0,0,1,0,0,1
bhamnow.com,43,0,0,0,3,0,1
boisestatepublicradio.org,43,0,0,1,0,0,1
crainscleveland.com,43,0,0,1,0,0,1
crescendo.ai,43,0,0,1,0,0,1
raindrop.io,43,0,0,4,0,0,1
stanforddaily.com,43,0,0,1,0,0,1
bhamwiki.com,42,0,0,0,2,0,1
innago.com,42,0,0,1,0,0,1
inside.com.tw,42,0,0,1,0,0,1
mckissock.com,42,0,0,1,0,0,1
mirror.xyz,42,0,0,1,0,0,1
prnasia.com,42,0,0,1,0,0,1
scrapingbee.com,42,0,0,1,0,0,1
startup.jobs,42,0,0,31,0,0,1
techstars.com,42,0,0,0,2,0,1
thephiladelphiacitizen.org,42,0,0,1,0,0,1
builderonline.com,41,0,0,1,0,0,1
capitalfactory.com,41,0,0,0,1,0,1
fortunebuilders.com,41,0,0,1,0,0,1
globalbrandsmagazine.com,41,0,0,1,0,0,1
iotforall.com,41,0,0,1,0,0,1
islandernews.com,41,0,0,1,0,0,1
numastays.com,41,0,0,1,0,0,1
porch.com,41,0,0,1,0,0,1
theclose.com,41,0,0,2,0,0,1
unidosus.org,41,0,0,2,0,0,1
attomdata.com,40,0,0,3,0,0,1
ceo.ca,40,0,0,1,0,0,1
connectcre.com,40,0,0,1,0,0,1
convin.ai,40,0,0,4,0,0,1
domino.ai,40,0,0,1,0,0,1
futurepedia.io,40,0,0,7,0,0,1
glassdoor.ch,40,0,0,2,0,0,1
gulfshorebusiness.com,40,0,0,1,0,0,1
hostingersite.com,40,0,0,1,0,0,1
inkl.com,40,0,0,2,0,0,1
isdown.app,40,0,0,24,0,0,1
mastersindatascience.org,40,0,0,1,0,0,1
nationalmortgagenews.com,40,0,0,1,0,0,1
socket.dev,40,0,0,2,0,0,1
triplog.net,40,0,0,3,0,0,1
vapi.ai,40,0,0,1,0,0,1
wiza.co,40,0,0,7,0,0,1
agroline.com.br,39,0,0,1,0,0,1
alabamanewscenter.com,39,0,0,0,1,0,1
crowdfundinsider.com,39,0,0,3,0,0,1
enlyft.com,39,0,0,1,0,0,1
flywheelsites.com,39,0,0,166,0,0,1
hicentral.com,39,0,0,12,0,0,1
notice.co,39,0,0,1,0,0,1
paperlesspipeline.com,39,0,0,1,0,0,1
propy.com,39,0,0,1,0,0,1
repvue.com,39,0,0,1,0,0,1
resident.com,39,0,0,1,0,0,1
rubydoc.info,39,0,0,6,0,0,1
uibakery.io,39,0,0,1,0,0,1
v7labs.com,39,0,0,1,0,0,1
yellowhammernews.com,39,0,0,0,2,0,1
benefitspro.com,38,0,0,1,0,0,1
budgetbakers.com,38,0,0,9,0,0,1
carriermanagement.com,38,0,0,1,0,0,1
conflingo.no,38,0,0,1,0,0,1
dealstream.com,38,0,0,2,0,0,1
kiavi.com,38,0,0,2,0,0,1
luxuryrealestate.com,38,0,0,1,0,0,1
myresman.com,38,0,0,1,0,0,1
onlinemarketplaces.com,38,0,0,1,0,0,1
softwareworld.co,38,0,0,6,0,0,1
stackshare.io,38,0,0,3,0,0,1
thespectator.com,38,0,0,1,0,0,1
upmarket.co,38,0,0,1,0,0,1
videosdk.live,38,0,0,2,0,0,1
aimgroup.com,37,0,0,2,0,0,1
austinchamber.com,37,0,0,0,3,0,1
ecosyste.ms,37,0,0,6,0,0,1
newwestern.com,37,0,0,1,0,0,1
nucamp.co,37,0,0,399,0,0,1
payprop.com,37,0,0,10,0,0,1
realtrends.com,37,0,0,2,0,0,1
reelmind.ai,37,0,0,1,0,0,1
themortgagepoint.com,37,0,0,6,0,0,1
gluonhq.com,36,0,0,2,0,0,1
libraries.io,36,0,0,7,0,0,1
madeinalabama.com,36,0,0,0,1,0,1
microventures.com,36,0,0,1,0,0,1
nanalyze.com,36,0,0,1,0,0,1
realestateskills.com,36,0,0,2,0,0,1
saashub.com,36,0,0,22,0,0,1
signitysolutions.com,36,0,0,1,0,0,1
thecommondesk.com,36,0,0,1,0,0,1
tomba.io,36,0,0,1,0,0,1
wisepelican.com,36,0,0,2,0,0,1
allcountyprop.com,35,0,0,1,0,0,1
businessalabama.com,35,0,0,0,3,0,1
callin.io,35,0,0,3,0,0,1
delawarebusinessnow.com,35,0,0,1,0,0,1
flywheelstaging.com,35,0,0,2,0,0,1
infoq.cn,35,0,0,2,0,0,1
mezzi.com,35,0,0,3,0,0,1
mindtheproduct.com,35,0,0,1,0,0,1
pycon.org,35,0,0,436,0,0,1
realclearmarkets.com,35,0,0,1,0,0,1
thebossmagazine.com,35,0,0,1,0,0,1
theburningplatform.com,35,0,0,1,0,0,1
thecblife.com,35,0,0,1,0,0,1
wwsg.com,35,0,0,1,0,0,1
z-wavealliance.org,35,0,0,0,1,0,1
aaronline.com,34,0,0,1,0,0,1
barrettsothebysrealty.com,34,0,0,1,0,0,1
certifid.com,34,0,0,1,0,0,1
debt.com,34,0,0,2,0,0,1
dream.website,34,0,0,4,0,0,1
forwardpathway.com,34,0,0,1,0,0,1
foundersnetwork.com,34,0,0,1,0,0,1
geniusee.com,34,0,0,2,0,0,1
gptbots.ai,34,0,0,7,0,0,1
ibuyer.com,34,0,0,1,0,0,1
iovox.com,34,0,0,2,0,0,1
logicballs.com,34,0,0,2,0,0,1
luxurypresence.com,34,0,0,2,0,0,1
mychesco.com,34,0,0,1,0,0,1
newsilver.com,34,0,0,2,0,0,1
pledge1percent.org,34,0,0,0,4,0,1
qedinvestors.com,34,0,0,2,0,0,1
spotlightdelaware.org,34,0,0,1,0,0,1
techstartups.com,34,0,0,2,0,0,1
theoldreader.com,34,0,0,87,0,0,1
unicosystem.com,34,0,0,0,3,0,1
comehome.com,33,0,0,1,0,0,1
datainsightsmarket.com,33,0,0,2,0,0,1
devteam.space,33,0,0,1,0,0,1
dojobusiness.com,33,0,0,1,0,0,1
enterpriseleague.com,33,0,0,1,0,0,1
floridarealtymarketplace.com,33,0,0,1,0,0,1
mergr.com,33,0,0,1,0,0,1
michaelsaunders.com,33,0,0,32,0,0,1
modelosdeplandenegocios.com,33,0,0,1,0,0,1
moontechnolabs.com,33,0,0,1,0,0,1
myarchitectai.com,33,0,0,2,0,0,1
naturalint.com,33,0,0,2,0,0,1
ocd.vn,33,0,0,1,0,0,1
openli.com,33,0,0,4,0,0,1
otterly.ai,33,0,0,1,0,0,1
physicianonfire.com,33,0,0,1,0,0,1
publish0x.com,33,0,0,1,0,0,1
virginiarealtors.org,33,0,0,1,0,0,1
wallacetn.com,33,0,0,1,0,0,1
webisoft.com,33,0,0,1,0,0,1
aichief.com,32,0,0,3,0,0,1
arbor.com,32,0,0,1,0,0,1
builtworlds.com,32,0,0,1,0,0,1
cieden.com,32,0,0,2,0,0,1
freeonline.org,32,0,0,1,0,0,1
inbusinessphx.com,32,0,0,1,0,0,1
jmco.com,32,0,0,1,0,0,1
knowledge-sourcing.com,32,0,0,1,0,0,1
marketscale.com,32,0,0,0,3,0,1
mymosaicrealty.com,32,0,0,2,0,0,1
revoyant.com,32,0,0,1,0,0,1
ruby-toolbox.com,32,0,0,4,0,0,1
sermitsiaq.ag,32,0,0,1,0,0,1
setshape.com,32,0,0,1,0,0,1
sierrainteractive.com,32,0,0,2,0,0,1
streetfightmag.com,32,0,0,1,0,0,1
totalexpert.com,32,0,0,3,0,0,1
aloa.co,31,0,0,1,0,0,1
alts.co,31,0,0,1,0,0,1
c21scheetz.com,31,0,0,1,0,0,1
dialzara.com,31,0,0,2,0,0,1
emb.global,31,0,0,2,0,0,1
epicos.com,31,0,0,5,0,0,1
etnrealtors.com,31,0,0,1,0,0,1
floorfy.com,31,0,0,2,0,0,1
gaar.com,31,0,0,1,0,0,1
glarity.app,31,0,0,1,0,0,1
globalfintechseries.com,31,0,0,2,0,0,1
harmonic.ai,31,0,0,0,2,0,1
huntsvillebusinessjournal.com,31,0,0,0,1,0,1
iamdave.ai,31,0,0,1,0,0,1
ideausher.com,31,0,0,2,0,0,1
mindk.com,31,0,0,1,0,0,1
scrumlaunch.com,31,0,0,3,0,0,1
webdesksolution.com,31,0,0,1,0,0,1
welcome.ai,31,0,0,1,0,0,1
wifitalents.com,31,0,0,2,0,0,1
ascendixtech.com,30,0,0,1,0,0,1
averi.ai,30,0,0,1,0,0,1
batchdata.io,30,0,0,1,0,0,1
biz4group.com,30,0,0,2,0,0,1
coloradopols.com,30,0,0,1,0,0,1
cortera.com,30,0,0,2,0,0,1
hypnobox.com.br,30,0,0,1,0,0,1
joinchargeback.com,30,0,0,2,0,0,1
lmgfl.com,30,0,0,1,0,0,1
narolainfotech.com,30,0,0,1,0,0,1
nimbleappgenie.com,30,0,0,1,0,0,1
persana.ai,30,0,0,2,0,0,1
sp-edge.com,30,0,0,1,0,0,1
statussight.com,30,0,0,2,0,0,1
topline.com,30,0,0,2,0,0,1
visualvisitor.com,30,0,0,1,0,0,1
westandmainhomes.com,30,0,0,1,0,0,1
writingmate.ai,30,0,0,1,0,0,1
ylopo.com,30,0,0,3,0,0,1
zipdo.co,30,0,0,45,0,0,1
adwordsnerds.com,29,0,0,1,0,0,1
aimojo.io,29,0,0,24,0,0,1
allerin.com,29,0,0,1,0,0,1
anchorloans.com,29,0,0,1,0,0,1
archivemarketresearch.com,29,0,0,3,0,0,1
concreit.com,29,0,0,1,0,0,1
fromdayone.com,29,0,0,3,0,0,1
gregslist.com,29,0,0,0,6,0,1
housebuyersofamerica.com,29,0,0,1,0,0,1
innovation-village.com,29,0,0,1,0,0,1
inoxoft.com,29,0,0,1,0,0,1
ithy.com,29,0,0,1,0,0,1
leadsync.me,29,0,0,1,0,0,1
lofty.ai,29,0,0,3,0,0,1
masonmorse.com,29,0,0,1,0,0,1
pagerly.io,29,0,0,1,0,0,1
pressreleasepoint.com,29,0,0,1,0,0,1
privateequityinfo.com,29,0,0,1,0,0,1
rentalrealestate.com,29,0,0,6,0,0,1
rubyroidlabs.com,29,0,0,1,0,0,1
scchamber.net,29,0,0,1,0,0,1
seowebster.com,29,0,0,1,0,0,1
smallest.ai,29,0,0,1,0,0,1
softkraft.co,29,0,0,5,0,0,1
terristeffes.com,29,0,0,2,0,0,1
weserv.realtor,29,0,0,7,0,0,1
zealousys.com,29,0,0,2,0,0,1
arounddeal.com,28,0,0,1,0,0,1
asianetnews.net,28,0,0,1,0,0,1
ballpointmarketing.com,28,0,0,2,0,0,1
binaryx.com,28,0,0,14,0,0,1
bostonreb.com,28,0,0,2,0,0,1
century21northhomes.com,28,0,0,1,0,0,1
cresinsurance.com,28,0,0,1,0,0,1
dawgsinc.com,28,0,0,1,0,0,1
empirelearning.com,28,0,0,1,0,0,1
greatislandrealty.com,28,0,0,1,0,0,1
housingnotes.com,28,0,0,1,0,0,1
insurance-canada.ca,28,0,0,0,1,0,1
invest-gate.me,28,0,0,1,0,0,1
jayde.com,28,0,0,2,0,0,1
josiahallen.com,28,0,0,1,0,0,1
kolena.com,28,0,0,1,0,0,1
leadgibbon.com,28,0,0,1,0,0,1
mortgageorb.com,28,0,0,1,0,0,1
myfivestarhomeservices.com,28,0,0,0,2,0,1
papaly.com,28,0,0,1,0,0,1
pillarwm.com,28,0,0,1,0,0,1
psppartners.com,28,0,0,2,0,0,1
quantumdigital.com,28,0,0,1,0,0,1
realspace3d.com,28,0,0,2,0,0,1
sharestates.com,28,0,0,1,0,0,1
timandjulieharris.com,28,0,0,4,0,0,1
whippy.ai,28,0,0,1,0,0,1
acralending.com,27,0,0,1,0,0,1
aioai.pl,27,0,0,0,1,0,1
apiko.com,27,0,0,1,0,0,1
appraisersforum.com,27,0,0,17,0,0,1
cbplourde.com,27,0,0,2,0,0,1
championleadership.com,27,0,0,0,1,0,1
cincymls.com,27,0,0,2,0,0,1
dms.net,27,0,0,2,0,0,1
elevatedboston.com,27,0,0,1,0,0,1
eye-on.ai,27,0,0,1,0,0,1
gitnux.org,27,0,0,87,0,0,1
goterrafirma.com,27,0,0,0,1,0,1
mykelownahomesearch.com,27,0,0,1,0,0,1
parkplacefinance.com,27,0,0,1,0,0,1
partnerbase.com,27,0,0,0,12,0,1
reviewfoxy.com,27,0,0,1,0,0,1
technofizi.net,27,0,0,1,0,0,1
wyl.co,27,0,0,1,0,0,1
468cap.com,26,0,0,0,1,0,1
acme-re.com,26,0,0,1,0,0,1
ai-techpark.com,26,0,0,1,0,0,1
alpaca.vc,26,0,0,2,0,0,1
anytimedigitalmarketing.com,26,0,0,2,0,0,1
arrowhitech.com,26,0,0,1,0,0,1
asperbrothers.com,26,0,0,1,0,0,1
bostonagentmagazine.com,26,0,0,1,0,0,1
bryantstibel.com,26,0,0,1,0,0,1
codiste.com,26,0,0,1,0,0,1
didim365.com,26,0,0,1,0,0,1
ditchcarbon.com,26,0,0,2,0,0,1
dominionfinancialservices.com,26,0,0,2,0,0,1
eaglestatus.io,26,0,0,1,0,0,1
explinks.com,26,0,0,2,0,0,1
findmassleads.com,26,0,0,1,0,0,1
flexindex.com,26,0,0,1,0,0,1
funkhousergroup.com,26,0,0,1,0,0,1
getsmartling.com,26,0,0,1,0,0,1
jobsearcher.com,26,0,0,0,2,0,1
lakelandrealtors.org,26,0,0,1,0,0,1
licenseclassroom.com,26,0,0,1,0,0,1
lmcordoba.com.ar,26,0,0,0,1,0,1
motivatedsellers.com,26,0,0,1,0,0,1
oncely.com,26,0,0,0,1,0,1
sevengables.com,26,0,0,1,0,0,1
sovereignmagazine.com,26,0,0,1,0,0,1
strictlyvc.com,26,0,0,4,0,0,1
studyraid.com,26,0,0,1,0,0,1
thefr.com,26,0,0,1,0,0,1
alphaedison.com,25,0,0,4,0,0,1
aubenrealty.com,25,0,0,2,0,0,1
bluesageusa.com,25,0,0,1,0,0,1
contempothemes.com,25,0,0,1,0,0,1
demopolistimes.com,25,0,0,0,1,0,1
geeksaroundglobe.com,25,0,0,2,0,0,1
getdata.io,25,0,0,1,0,0,1
golangprojects.com,25,0,0,2,0,0,1
homeabroadinc.com,25,0,0,2,0,0,1
homepros.news,25,0,0,0,6,0,1
homestack.com,25,0,0,1,0,0,1
lendapi.com,25,0,0,2,0,0,1
massinvestordatabase.com,25,0,0,1,0,0,1
mfmbankers.com,25,0,0,1,0,0,1
mipimworld.com,25,0,0,1,0,0,1
morpheus.com,25,0,0,8,0,0,1
mortgageadvisortools.com,25,0,0,1,0,0,1
nancyjenkins.com,25,0,0,1,0,0,1
pcvmurcor.com,25,0,0,1,0,0,1
realbricks.com,25,0,0,1,0,0,1
richlyai.com,25,0,1,0,0,0,1
robchrisman.com,25,0,0,105,0,0,1
selling.com,25,0,0,1,0,0,1
signmore.com,25,0,0,1,0,0,1
sunsetlakesofmaine.com,25,0,0,3,0,0,1
themortgagenote.org,25,0,0,7,0,0,1
thinkrealty.com,25,0,0,1,0,0,1
thomvest.com,25,0,0,3,0,0,1
1000watt.net,24,0,0,1,0,0,1
agencylist.com,24,0,0,6,0,0,1
aitoolsexplorer.com,24,0,0,3,0,0,1
alliedrealty.net,24,0,0,1,0,0,1
americanentrepreneurship.com,24,0,0,2,0,0,1
appicsoftwares.com,24,0,0,2,0,0,1
berkshirerealtors.net,24,0,0,1,0,0,1
callporter.com,24,0,0,1,0,0,1
champsignal.com,24,0,0,2,0,0,1
eventyay.com,24,0,0,4,0,0,1
extruct.ai,24,0,0,0,4,0,1
finledger.com,24,0,0,3,0,0,1
flaglercountyrealtors.com,24,0,0,1,0,0,1
getbreezy.app,24,0,0,1,0,0,1
hnhiring.com,24,0,0,10,0,0,1
iovox.co.uk,24,0,0,1,0,0,1
logokit.com,24,0,0,1,0,0,1
notoriousrob.com,24,0,0,1,0,0,1
palisade.email,24,0,0,2,0,0,1
realty87.com,24,0,0,1,0,0,1
rolecatcher.com,24,0,0,64,0,0,1
sourcery.vc,24,0,0,1,0,0,1
thebasispoint.com,24,0,0,13,0,0,1
thefivestar.com,24,0,0,11,0,0,1
trustburn.com,24,0,0,2,0,0,1
walletgenius.com,24,0,0,1,0,0,1
whattheai.tech,24,0,0,2,0,0,1
aitude.com,23,0,0,1,0,0,1
american-waterworks.com,23,0,0,0,1,0,1
ape-apps.com,23,0,0,3,0,0,1
bautisfinancial.com,23,0,0,1,0,0,1
blueumbrellawaterproofing.com,23,0,0,0,1,0,1
bounti.ai,23,0,0,1,0,0,1
brainpod.ai,23,0,0,28,0,0,1
c-loans.com,23,0,0,6,0,0,1
defymortgage.com,23,0,0,2,0,0,1
docdraft.ai,23,0,0,1,0,0,1
gago.io,23,0,0,1,0,0,1
gowercrowd.com,23,0,0,1,0,0,1
madronavl.com,23,0,0,1,0,0,1
paar.org,23,0,0,12,0,0,1
realestateinvestingtoday.com,23,0,0,14,0,0,1
rewinterpark.com,23,0,0,1,0,0,1
roselawgroupreporter.com,23,0,0,1,0,0,1
scitechanddigital.news,23,0,0,1,0,0,1
searchengineworld.com,23,0,0,1,0,0,1
sennere.com,23,0,0,1,0,0,1
shadowing.ai,23,0,0,4,0,0,1
showable.co,23,0,0,2,0,0,1
siliconvalleyjournals.com,23,0,0,0,1,0,1
solvea.cx,23,0,0,1,0,0,1
stlouis.style,23,0,0,1,0,0,1
techbirmingham.com,23,0,0,0,13,0,1
techseen.com,23,0,0,1,0,0,1
thebuildermarket.com,23,0,0,0,1,0,1
themreport.com,23,0,0,13,0,0,1
topbestalternatives.com,23,0,0,1,0,0,1
trynorthpoint.com,23,0,0,1,0,0,1
valuebuddies.com,23,0,0,2,0,0,1
ajiu.live,22,0,0,1,0,0,1
amast.com,22,0,0,1,0,0,1
aniversarycaption.com,22,0,0,0,2,0,1
asterdio.com,22,0,0,2,0,0,1
cameronacademy.com,22,0,0,12,0,0,1
ccsothebysrealty.com,22,0,0,1,0,0,1
contentenginellc.com,22,0,0,0,1,0,1
dessol.com,22,0,0,1,0,0,1
dns-systems.net,22,0,0,50,0,0,1
eabor.net,22,0,0,1,0,0,1
exaity.pl,22,0,0,0,1,0,1
geekestateblog.com,22,0,0,6,0,0,1
grra.org,22,0,0,1,0,0,1
hardmoneybankers.com,22,0,0,1,0,0,1
hireclub.com,22,0,0,1,0,0,1
jobya.com,22,0,0,1,0,0,1
justcoded.com,22,0,0,3,0,0,1
luskandassociates.com,22,0,0,1,0,0,1
nissenad-digitalhub.com,22,0,0,1,0,0,1
proptechbuzz.com,22,0,0,1,0,0,1
raveislifestyles.com,22,0,0,1,0,0,1
remaxwest.com,22,0,0,10,0,0,1
reti.us,22,0,0,15,0,0,1
shanahanre.com,22,0,0,1,0,0,1
stork.ai,22,0,0,10,0,0,1
toppodcast.com,22,0,0,1,0,0,1
vendoralley.com,22,0,0,10,0,0,1
yousmartthing.com,22,0,0,1,0,0,1
autoreelapp.com,21,0,0,2,0,0,1
axeautomation.co,21,0,0,2,0,0,1
bahiaverdade.com.br,21,0,0,1,0,0,1
bankforeclosuressale.com,21,0,0,2,0,0,1
bonitaesterorealtors.com,21,0,0,2,0,0,1
botmemo.com,21,0,0,1,0,0,1
brianfrenchrealestate.com,21,0,0,1,0,0,1
buildeee.com,21,0,0,1,0,0,1
centrox.ai,21,0,0,1,0,0,1
cloversolutions.us,21,0,0,1,0,0,1
firstislandrealty.com,21,0,0,1,0,0,1
froghire.ai,21,0,0,1,0,0,1
haag-streit-usa.com,21,0,0,2,0,0,1
homesage.ai,21,0,0,13,0,0,1
homesgofast.com,21,0,0,2,0,0,1
isurvey.com.tw,21,0,0,72,0,0,1
kcpier.com,21,0,0,0,1,0,1
mellohome.com,21,0,0,2,0,0,1
motherbase.ai,21,0,0,2,0,0,1
outils.ai,21,0,0,2,0,0,1
spotlessagency.com,21,0,0,1,0,0,1
theone21.com,21,0,0,1,0,0,1
trendvisionz.com,21,0,0,5,0,0,1
turbohome.com,21,0,0,513224,0,0,1
wellicious.com,21,0,0,3,0,0,1
worldmetrics.org,21,0,0,5,0,0,1
aibucket.io,20,0,0,6,0,0,1
aionlinecourse.com,20,0,0,18,0,0,1
codelevate.com,20,0,0,2,0,0,1
ectimes.org.tw,20,0,0,1,0,0,1
edinhart.com,20,0,0,1,0,0,1
european.realestate,20,0,0,2,0,0,1
googblogs.com,20,0,0,12,0,0,1
highcountryrealtors.org,20,0,0,6,0,0,1
impressit.io,20,0,0,1,0,0,1
kaarmls.com,20,0,0,1,0,0,1
liquidlogics.com,20,0,0,4,0,0,1
lmre.tech,20,0,0,2,0,0,1
mifengcha.com,20,0,0,0,3,0,1
movingleads.com,20,0,0,1,0,0,1
mypowerhouse.group,20,0,0,0,1,0,1
nilead.com,20,0,0,4,0,0,1
paperfree.com,20,0,0,2,0,0,1
plotzy.ai,20,0,0,18,0,0,1
plura.ai,20,0,0,2,0,0,1
teridegnan.com,20,0,0,1,0,0,1
theelephantintheroom.com.au,20,0,0,1,0,0,1
themobilereality.com,20,0,0,1,0,0,1
unassumingeconomist.com,20,0,0,39,0,0,1
andrewbusch.com,19,0,0,1,0,0,1
apiscrapy.com,19,0,0,1,0,0,1
assetsoft.biz,19,0,0,2,0,0,1
baselinesoftware.com,19,0,0,2,0,0,1
carlosrousseau.me,19,0,0,3,0,0,1
chandan.com,19,0,0,1,0,0,1
citizenwatchreport.com,19,0,0,1,0,0,1
contactplatinum.com,19,0,0,4,0,0,1
corecastre.com,19,0,0,1,0,0,1
estateskyline.co,19,0,0,1,0,0,1
harbertcompany.com,19,0,0,1,0,0,1
jareco.org,19,0,0,1,0,0,1
joyk.com,19,0,0,1,0,0,1
kwevolution.com,19,0,0,3,0,0,1
marfooglenews.com,19,0,0,2,0,0,1
piperpartners.com,19,0,0,1,0,0,1
propertiesbyfoxfire.com,19,0,0,1,0,0,1
structuralcapital.com,19,0,0,1,0,0,1
suncoastsvn.com,19,0,0,1,0,0,1
talerbox.com,19,0,0,1,0,0,1
techcrunchjapan.com,19,0,0,1,0,0,1
thenationaldigest.com,19,0,0,23,0,0,1
theproptechscout.com,19,0,0,1,0,0,1
trendgrnd.com,19,0,0,1,0,0,1
wandamooney.com,19,0,0,1,0,0,1
aidive.org,18,0,0,3,0,0,1
berkshirehouses.com,18,0,0,1,0,0,1
bhcmvaor.org,18,0,0,6,0,0,1
binstellar.com,18,0,0,1,0,0,1
bostonappraisal.com,18,0,0,1,0,0,1
globalfloridarealty.com,18,0,0,1,0,0,1
growthinkcapital.com,18,0,0,1,0,0,1
lakechamplainrealestate.com,18,0,0,1,0,0,1
linksv.com,18,0,0,2,0,0,1
localnews.com,18,0,0,1,0,0,1
missiontitle.com,18,0,0,3,0,0,1
myquickidea.com,18,0,0,1,0,0,1
newpanda.com,18,0,0,34,0,0,1
ntdca.com,18,0,0,1,0,0,1
presencenews.org,18,0,0,1,0,0,1
pythonpodcast.com,18,0,0,2,0,0,1
realatrends.com,18,0,0,1,0,0,1
redbarnfranchise.com,18,0,0,1,0,0,1
renorealtyblog.com,18,0,0,1,0,0,1
riskwire.com,18,0,0,1,0,0,1
saleswise.ai,18,0,0,3,0,0,1
searchhomesinfargo.com,18,0,0,1,0,0,1
t3techmarketplace.com,18,0,0,2,0,0,1
tirios.ai,18,0,0,1,0,0,1
ballenbrands.com,17,0,0,1,0,0,1
buyshouses.co,17,0,0,1,0,0,1
colebrookrealty.com,17,0,0,1,0,0,1
dailybaileyai.com,17,0,0,6,0,0,1
dealworthit.com,17,0,0,1,0,0,1
dwellinginmaine.com,17,0,0,1,0,0,1
easystreetoffers.com,17,0,0,1,0,0,1
egyptianboard.org,17,0,0,1,0,0,1
eichlerhomesforsale.com,17,0,0,1,0,0,1
fctd.com,17,0,0,3,0,0,1
femtech.health,17,0,0,1,0,0,1
flowrealty.com,17,0,0,1,0,0,1
ftic.net,17,0,0,3,0,0,1
groupify.ai,17,0,0,2,0,0,1
icrunchdata.com,17,0,0,1,0,0,1
kathyobrien.com,17,0,0,1,0,0,1
localizeos.com,17,0,0,1,0,0,1
milwaukeereia.com,17,0,0,1,0,0,1
missylord.com,17,0,0,2,0,0,1
mlsproptech.com,17,0,4,0,0,0,1
retailtechpodcast.com,17,0,0,1,0,0,1
seaflux.tech,17,0,0,1,0,0,1
siana.app,17,0,0,1,0,0,1
statementagency.com,17,0,0,1,0,0,1
tenex.io,17,0,0,2,0,0,1
topitcompanies.co,17,0,0,8,0,0,1
trustlist.uk,17,0,0,1,0,0,1
zeroflux.io,17,0,0,3,0,0,1
adsiduous.com,16,0,0,2,0,0,1
companionintelligence.com,16,0,0,0,1,0,1
floryda.eu,16,0,0,1,0,0,1
fmadata.com,16,0,0,1,0,0,1
geostrategicmedia.com,16,0,0,2,0,0,1
homesellingteam.com,16,0,0,1,0,0,1
intensed.com,16,0,0,1,0,0,1
iotglobalawards.com,16,0,0,0,2,0,1
likere.com,16,0,0,1,0,0,1
newscenter.io,16,0,0,1,0,0,1
northstarbrain.com,16,0,0,2,0,0,1
nremg.com,16,0,0,1,0,0,1
planetsun.org,16,0,0,1,0,0,1
plotip.com,16,0,0,1,0,0,1
rethinkreport.com,16,0,0,1,0,0,1
riseandinspire.co.in,16,0,0,25,0,0,1
stephenou.com,16,0,0,1,0,0,1
svnbluestone.com,16,0,0,1,0,0,1
sweetwaterpe.com,16,0,0,1,0,0,1
trendingaitools.com,16,0,0,2,0,0,1
5circles.com,15,0,0,4,0,0,1
amitkoth.com,15,0,0,1,0,0,1
cgaa.org,15,0,0,0,1,0,1
dka.global,15,0,0,1,0,0,1
eunduk.com,15,0,0,1,0,0,1
hs-re.com,15,0,0,1,0,0,1
invstg.com,15,0,0,1,0,0,1
iotworlds.com,15,0,0,1,0,0,1
iovox.fr,15,0,0,2,0,0,1
lestow.com,15,0,0,4,0,0,1
propphy.com,15,0,0,1,0,0,1
purgula.com,15,0,0,1,0,0,1
remote.work,15,0,0,1,0,0,1
reobroker.com,15,0,0,1,0,0,1
spartan-cafe.com,15,0,0,2,0,0,1
theacehomebuyers.com,15,0,0,6,0,0,1
travisclosehomes.com,15,0,1,0,0,0,1
unitedstatesrealestateinvestor.com,15,0,0,1,0,0,1
ahahome.org,14,0,0,2,0,0,1
buyvtrealestate.com,14,0,0,5,0,0,1
flippingamerica.net,14,0,0,4,0,0,1
ghcfunding.com,14,0,0,6,0,0,1
longevity.international,14,0,0,1,0,0,1
napkforpc.com,14,0,0,1,0,0,1
navto.ai,14,0,0,26,0,0,1
nerdisa.com,14,0,0,7,0,0,1
optoutlife.com,14,0,0,2,0,0,1
socialmediaacademy.uk,14,0,0,1,0,0,1
sparrowlane.io,14,0,0,1,0,0,1
suebradley.com,14,0,0,1,0,0,1
trueblueauctions.com,14,0,0,37,0,0,1
ai-daily.news,13,0,0,1,0,0,1
allready.ai,13,0,0,1,0,0,1
apileague.com,13,0,0,1,0,0,1
b2motorsports.com,13,0,0,0,2,0,1
besthostingprice.com,13,0,0,1,0,0,1
carolinaeliterealestate.com,13,0,0,1,0,0,1
casanovabrooks.com,13,0,0,1,0,0,1
dacompanies.com,13,0,0,0,1,0,1
dpl-surveillance-equipment.com,13,0,0,1,0,0,1
ejobscircular.com,13,0,0,4,0,0,1
fasterfundslending.com,13,0,0,1,0,0,1
grantwriteai.com,13,0,0,1,0,0,1
nicsguide.com,13,0,0,1,0,0,1
rainmakerforcontractors.com,13,0,0,0,2,0,1
resonancelabjo.com,13,0,0,1,0,0,1
scienceofproperty.com,13,0,0,1,0,0,1
sliceofrealestate.co,13,0,0,2,0,0,1
swipit.com,13,0,0,1,0,0,1
thefreefinancialadvisor.com,13,0,0,25,0,0,1
toolradar.com,13,0,0,13,0,0,1
toxigon.com,13,0,0,1,0,0,1
vanessastonere.com,13,0,0,1,0,0,1
websitegear.com,13,0,0,0,2,0,1
affiegy.com,12,0,0,1,0,0,1
aiforeasylife.com,12,0,0,2,0,0,1
droneswatch.org,12,0,0,1,0,0,1
insulacapitalgroup.com,12,0,0,1,0,0,1
localrealtors.com,12,0,0,3,0,0,1
marketresearchforecast.com,12,0,0,2,0,0,1
pampermenetwork.com,12,0,0,2,0,0,1
ryanjglass.com,12,0,0,1,0,0,1
techshark.io,12,0,0,105,0,0,1
theaccidentalengineer.com,12,0,0,1,0,0,1
academiadeia.com,11,0,0,1,0,0,1
advenboost.com,11,0,0,1,0,0,1
aginganalytics.com,11,0,0,1,0,0,1
aiassistantstore.com,11,0,0,7,0,0,1
belarabi.me,11,0,0,3,0,0,1
cbmarthamurrayrealestate.com,11,0,0,36,0,0,1
chatgptacademy.online,11,0,0,1,0,0,1
colfaxrealty.com,11,0,0,1,0,0,1
extracto.bot,11,0,0,1,0,0,1
gdreia.com,11,0,0,2,0,0,1
icelabz.co.uk,11,0,0,2,0,0,1
indianwebsites.in,11,0,0,1,0,0,1
jobhuntmode.com,11,0,0,1,0,0,1
lindorealtygroup.com,11,0,0,1,0,0,1
mansionlife.com,11,0,0,3,0,0,1
michellethomasteam.com,11,0,0,2,0,0,1
revcaplending.com,11,0,0,3,0,0,1
svninfinity.com,11,0,0,1,0,0,1
tabtablabs.com,11,0,0,6,0,0,1
therealmccoygroup.com,11,0,0,1,0,0,1
thesundaymorningpost.com,11,0,0,1,0,0,1
acetrainingplatforms.com,10,0,0,1,0,0,1
agentmarketingessentials.com,10,0,0,1,0,0,1
askjarrodheknows.com,10,0,0,2,0,0,1
dnbolt.com,10,0,0,11,0,0,1
eguidepro.com,10,0,0,1,0,0,1
fasttitlesearch.com,10,0,0,2,0,0,1
geodoma.com,10,0,0,4,0,0,1
haleysellsthecity.com,10,0,0,1,0,0,1
imanagerent.com,10,0,0,1,0,0,1
indianbusinessdirectory.in,10,0,0,1,0,0,1
mailmo.io,10,0,0,1,0,0,1
novintrades.com,10,0,0,1,0,0,1
nup.co.il,10,0,0,1,0,0,1
remmesco.com,10,0,0,1,0,0,1
smlsadvisors.com,10,0,0,2,0,0,1
svncolo.com,10,0,0,1,0,0,1
touristpoint.in,10,0,0,1,0,0,1
truenorth.realty,10,0,0,1,0,0,1
vizajobs.com,10,0,0,1,0,0,1
zensearch.jobs,10,0,0,1,0,0,1
agencysource.com,9,0,0,1,0,0,1
artforacause.net,9,0,0,1,0,0,1
avmoptimizer.com,9,0,0,1,0,0,1
bloxl.de,9,0,0,2,0,0,1
bluebidhomes.com,9,0,0,1,0,0,1
brown-watch.com,9,0,0,1,0,0,1
cannacityclinicpr.com,9,0,0,1,0,0,1
cboldmill.com,9,0,0,1,0,0,1
coastalliferealty.com,9,0,0,1,0,0,1
danhartsteinlaw.com,9,0,0,1,0,0,1
emlakbroker.com,9,0,0,1,0,0,1
esad.edu.br,9,0,0,31,0,0,1
faithparkerproperties.com,9,0,0,5,0,0,1
fry-ai.com,9,0,0,1,0,0,1
getyep.co,9,0,0,1,0,0,1
gnowise.com,9,0,0,1,0,0,1
haqm.com,9,0,0,1,0,0,1
homerise.com,9,0,0,1,0,0,1
huntai.ai,9,0,0,8,0,0,1
khaneanzali.com,9,0,0,1,0,0,1
kmmrealty.com,9,0,0,4,0,0,1
lifeinsurance-orleans.ca,9,0,0,0,1,0,1
mdz.ai,9,0,0,6,0,0,1
milagredigital.com,9,0,0,1,0,0,1
momentousrealty.com,9,0,0,3,0,0,1
pedersonrealestatelaw.com,9,0,0,1,0,0,1
proctorandgreene.com,9,0,0,1,0,0,1
realeverest.com,9,0,0,1,0,0,1
realomate.com,9,0,0,1,0,0,1
revaliew.com,9,0,0,3,0,0,1
sanibelrealestate.net,9,0,0,1,0,0,1
smartbusinessai.gr,9,0,0,1,0,0,1
teknikalitech.com,9,0,0,2,0,0,1
unitedbrokersinc.net,9,0,0,1,0,0,1
yasserkhan.sg,9,0,0,2,0,0,1
yourjourneyrealestate.com,9,0,0,1,0,0,1
yubahomebuyer.com,9,0,0,1,0,0,1
agreements.ai,8,0,0,1,0,0,1
ai4how.com,8,0,0,1,0,0,1
aineurolib.ru,8,0,0,2,0,0,1
algoro.pt,8,0,0,2,0,0,1
allesora.com,8,0,0,1,0,0,1
appstock.com,8,0,0,1,0,0,1
beatable.co,8,0,0,7,0,0,1
boostnoi.com,8,0,0,1,0,0,1
brightbridgerealtycapital.com,8,0,0,1,0,0,1
careerin.ai,8,0,0,1,0,0,1
carolinavanbuilders.com,8,0,0,1,0,0,1
chestnutmortgage.com,8,0,0,5,0,0,1
dallasnativeblog.com,8,0,0,2,0,0,1
easexpense.com,8,0,0,1,0,0,1
fieldre.com,8,0,0,1,0,0,1
financedevil.com,8,0,0,1,0,0,1
globalenglish.edu.uy,8,0,0,1,0,0,1
homestagingki.com,8,0,0,6,0,0,1
housesforsaleinghana.com,8,0,0,1,0,0,1
jaglifestyle.com,8,0,0,1,0,0,1
jerseyvillaguesthouse.co.uk,8,0,0,1,0,0,1
jobalia.net,8,0,0,1,0,0,1
lambertmediagroup.com,8,0,0,2,0,0,1
pacificequityloan.com,8,0,0,1,0,0,1
postacie.ai,8,0,0,1,0,0,1
proptechjobs.com,8,0,0,5,0,0,1
realestateagent-list.com,8,0,0,1,0,0,1
rifa.ai,8,0,0,1,0,0,1
shaunmcleanrealtor.com,8,0,0,1,0,0,1
simplysoldaz.com,8,0,0,1,0,0,1
suburbancitygroup.com,8,0,0,1,0,0,1
techlaugh.com,8,0,0,1,0,0,1
theatlantanewswire.com,8,0,2,0,0,0,1
toolsinfo.com,8,0,0,198,0,0,1
tryreelestate.com,8,0,0,4,0,0,1
umaiafazisso.com.br,8,0,0,1,0,0,1
unfs.edu.pe,8,0,0,1,0,0,1
voiceovercr.com,8,0,0,1,0,0,1
aicretools.com,7,0,0,1,0,0,1
allin-breakdown.com,7,0,0,1,0,0,1
americarealestateonline.com,7,0,0,0,1,0,1
beerschoolofrealestate.com,7,0,0,2,0,0,1
bestreviewinsight.com,7,0,0,4,0,0,1
beststartup.us,7,0,0,4,0,0,1
chuckmillermedia.com,7,0,0,1,0,0,1
cizikci.com,7,0,0,2,0,0,1
claimbo.com,7,0,0,1,0,0,1
ctxcashhomebuyers.com,7,0,0,1,0,0,1
equitycapitalmortgagegroup.com,7,0,0,2,0,0,1
findaidir.com,7,0,0,12,0,0,1
hamptonrea.com,7,0,0,2,0,0,1
harkencapital.com,7,0,0,1,0,0,1
imsfund.com,7,0,0,4,0,0,1
jasonlandrealty.com,7,0,0,1,0,0,1
matt-bristow.com,7,0,0,0,1,0,1
mortgagegreenbaywi.com,7,0,0,1,0,0,1
parseai.co,7,0,0,2,0,0,1
pinnaclefoundationsystems.com,7,0,0,0,1,0,1
piscatore.dk,7,0,0,1,0,0,1
propertyaitools.com,7,0,0,1,0,0,1
realestatematt.com,7,0,0,1,0,0,1
robrowsell.com,7,0,0,18,0,0,1
skyforbes.com,7,0,0,1,0,0,1
softwareobras.blogspot.com,7,0,0,7,0,0,1
techboundry.com,7,0,0,1,0,0,1
techwithjayson.com,7,0,0,1,0,0,1
topdigitaltools.info,7,0,0,3,0,0,1
xai.land,7,0,0,6,0,0,1
acting-auditions.org,6,0,0,0,1,0,1
adamnaamani.com,6,0,0,4,0,0,1
ai-toolmaster.com,6,0,0,5,0,0,1
aiacceleration.ai,6,0,0,1,0,0,1
aiagentinsider.ai,6,0,0,1,0,0,1
aidrips.com,6,0,0,2,0,0,1
aitoolsmarketer.com,6,0,0,18,0,0,1
aitoolsnexus.com,6,0,0,2,0,0,1
aiwikiweb.com,6,0,0,1,0,0,1
allaboutbethesda.com,6,0,0,1,0,0,1
allaiwebsite.com,6,0,0,3,0,0,1
americasmortgagesolutions.com,6,0,0,1,0,0,1
ashpool.io,6,0,0,1,0,0,1
ataiva.com,6,0,0,1,0,0,1
bestfree.co.uk,6,0,0,1,0,0,1
bestpropertyvaluationsoftware.com,6,0,0,3,0,0,1
bitcoinethereumnews.com,6,0,0,1,0,0,1
browse-ai.tools,6,0,0,1,0,0,1
coachemilyterrell.com,6,0,0,56,0,0,1
devicedaily.com,6,0,0,1,0,0,1
drawnto.digital,6,0,0,1,0,0,1
eurekster.com,6,0,0,64,0,0,1
flxbl.com,6,0,0,1,0,0,1
forgio.ai,6,0,0,1,0,0,1
forimmediaterelease.net,6,0,0,2,0,0,1
frankbuysphilly.com,6,0,0,28,0,0,1
frankrexford.com,6,0,0,1,0,0,1
globalinkbridge.com,6,0,0,1,0,0,1
griggsgroupva.com,6,0,0,2,0,0,1
hackingrealestatemarketing.com,6,0,0,3,0,0,1
inmowa.com,6,0,0,12,0,0,1
iovox.es,6,0,0,2,0,0,1
itbrandpulse.com,6,0,0,1,0,0,1
kellson.us,6,0,0,2,0,0,1
lisboatv.pt,6,0,0,3,0,0,1
litesoftware.com,6,0,0,0,2,0,1
maaconstructionhub.com,6,0,0,1,0,0,1
mahikaw.github.io,6,0,0,2,0,0,1
maracujo.com,6,0,0,6,0,0,1
marilynlawhead.com,6,0,0,1,0,0,1
memesita.com,6,0,0,1,0,0,1
middletonteamaz.com,6,0,0,1,0,0,1
nextstepgenius.com,6,0,0,1,0,0,1
ninjaaitools.com,6,0,0,1,0,0,1
paularoloye.com,6,0,0,2,0,0,1
performi.com,6,0,0,11,0,0,1
poptool.online,6,0,0,2,0,0,1
propertiedge.com,6,0,0,1,0,0,1
quickmarketpitch.com,6,0,0,0,1,0,1
realestatecareer.com,6,0,0,1,0,0,1
realestatemogul.com,6,0,0,1,0,0,1
renaissancerachel.com,6,0,0,3,0,0,1
researchupon.com,6,0,0,186,0,0,1
right-ai.com,6,0,0,7,0,0,1
sanfranciscofogworks.com,6,0,0,2,0,0,1
scorerevive.com,6,0,0,1,0,0,1
seancolon.com,6,0,0,2,0,0,1
seattleareamarketresearch.com,6,0,0,2,0,0,1
sellthishousefastforcash.com,6,0,0,1,0,0,1
sli.mg,6,0,0,0,1,0,1
stspg.io,6,0,0,16,0,0,1
techcratic.com,6,0,0,1,0,0,1
techlist.ai,6,0,0,17,0,0,1
the-helm.com,6,0,0,1,0,0,1
the-web-radar.com,6,0,0,1,0,0,1
theamericanmirror.com,6,0,0,2,0,0,1
theclifffreemangroup.info,6,0,0,9,0,0,1
thewebdirectory.net,6,0,0,1,0,0,1
tiorai.com,6,0,0,4,0,0,1
tobeirene.com,6,0,0,1,0,0,1
tradejee.com,6,0,0,1,0,0,1
txmortgagegroup.com,6,0,0,1,0,0,1
waibot.io,6,0,0,2,0,0,1
webcurate.co,6,0,0,8,0,0,1
womensconference.org,6,0,0,0,1,0,1
worldranksite.com,6,0,0,1,0,0,1
worldsocialmedia.directory,6,0,0,1,0,0,1
99bestsite.com,5,0,0,1,0,0,1
abnewsfire.com,5,0,0,1,0,0,1
backlinks-checker.com,5,0,0,6,0,0,1
bestarticleworld.com,5,0,0,0,1,0,1
bitstream.io,5,0,0,2,0,0,1
block.cc,5,0,0,0,4,0,1
blogdot.tv,5,0,0,13,0,0,1
caiyman.ai,5,0,0,5,0,0,1
ci.computer,5,0,0,0,7,0,1
danhsach.top,5,0,2,0,0,0,1
desperatemeasuresmusical.com,5,0,0,2,0,0,1
exitplan.us,5,0,0,1,0,0,1
femmebosssocial.com,5,0,0,1,0,0,1
fexoi.com,5,0,0,2,0,0,1
firewinder.com,5,0,0,0,2,0,1
folsomlocalnews.com,5,0,0,0,1,0,1
globalpropertyinc.com,5,0,0,1,0,0,1
globaltechreporter.com,5,0,2,0,0,0,1
gptbots.cn,5,0,0,1,0,0,1
heroagencies.com,5,0,0,1,0,0,1
idtail.com,5,0,0,1,0,0,1
impressiveinteriordesign.com,5,0,0,1,0,0,1
luxurylivingspot.com,5,0,0,2,0,0,1
marbruck.com,5,0,0,2,0,0,1
mfi-miami.com,5,0,0,3,0,0,1
mississippidispatch.com,5,0,0,0,2,0,1
mortgageblog.com,5,0,0,2,0,0,1
multiranks.com,5,0,0,0,1,0,1
nastrm.org,5,0,0,1,0,0,1
perfectstack.ai,5,0,0,1,0,0,1
platodata.io,5,0,0,0,6,0,1
prepostlink.com,5,0,0,1,0,0,1
psitestatus.com,5,0,0,0,4,0,1
quantaintelligence.ai,5,0,0,1,0,0,1
ranksarticle.com,5,0,0,0,1,0,1
rogueimc.org,5,0,0,0,1,0,1
rss2.com,5,0,0,1,0,0,1
seektool.ai,5,0,0,331,0,0,1
seoarticletime.com,5,0,0,1,0,0,1
socialsinsider.com,5,0,0,0,1,0,1
synapsetec.cn,5,0,0,0,1,0,1
tasteterminal.com,5,0,0,0,1,0,1
thearticletime.com,5,0,0,1,0,0,1
thedigitalinsider.com,5,0,0,1,0,0,1
toolspedia.ai,5,0,0,2,0,0,1
toplinksites.com,5,0,0,1,0,0,1
topupdirectory.com,5,0,0,1,0,0,1
usanewshour.com,5,0,0,0,1,0,1
virtualsdirectory.com,5,0,0,1,0,0,1
webranksdirectory.com,5,0,0,1,0,0,1
weeklyreviewer.com,5,0,0,0,1,0,1
wordsjournal.com,5,0,0,0,1,0,1
worldlinksites.com,5,0,0,0,1,0,1
worldpostreporter.com,5,0,2,0,0,0,1
aichem.org,4,0,0,1,0,0,1
aiia.tech,4,0,0,1,0,0,1
askfletch.com,4,0,0,1,0,0,1
axitkhurana.com,4,0,0,1,0,0,1
bardai.ai,4,0,0,2,0,0,1
buhlbardetroit.com,4,0,0,1,0,0,1
californiaconsumerbanking.com,4,0,0,0,1,0,1
caracal.news,4,0,0,1,0,0,1
colasdn.workers.dev,4,0,0,1,0,0,1
comparable-companies.com,4,0,0,1,0,0,1
constructionpressreleases.com,4,0,0,0,2,0,1
detishky.com,4,0,0,1,0,0,1
dinotellonescholarship.com,4,0,0,1,0,0,1
earthmattersjournal.com,4,0,0,0,1,0,1
elpasoinvestorsclub.com,4,0,0,1,0,0,1
findyourbestai.com,4,0,0,1,0,0,1
foreignservicejournal-digital.com,4,0,0,1,0,0,1
freeglobaldirectory.com,4,0,0,0,2,0,1
gbej.org,4,0,2,0,0,0,1
georgiacomo.org,4,0,0,2,0,0,1
howik.com,4,0,0,6,0,0,1
hzdlpq.com,4,0,1,0,0,0,1
illumirate.com,4,0,0,1,0,0,1
internationalhomebuyersguide.com,4,0,0,0,2,0,1
iwaki-suzuran.com,4,0,0,4,0,0,1
joefrankrealtor.com,4,0,0,1,0,0,1
lauriebrown.net,4,0,0,3,0,0,1
leadlist.pro,4,0,0,1,0,0,1
lendernews.com,4,0,0,8,0,0,1
lesix.agency,4,0,0,2,0,0,1
listinghub.ai,4,0,0,2,0,0,1
loginssearch.com,4,0,0,1,0,0,1
loli.garden,4,0,0,0,1,0,1
luolix.top,4,0,0,1,0,0,1
magnoliastatejournal.com,4,0,0,0,2,0,1
mangoblogger.com,4,0,0,0,1,0,1
manualusa.com,4,0,0,1,0,0,1
marketsignalreports.com,4,0,0,1,0,0,1
matomyseo.com,4,0,0,0,1,0,1
matthughesphoto.com,4,0,0,1,0,0,1
mentibus.xyz,4,0,0,2,0,0,1
mississippibusinesstoday.com,4,0,0,0,1,0,1
miziro.ru,4,0,0,1,0,0,1
ooo.pink,4,0,0,0,1,0,1
peoplentools.com,4,0,0,1,0,0,1
realestateaitooldirectory.com,4,0,0,16,0,0,1
realestatecareerhq.com,4,0,0,1,0,0,1
realestatenewscurrents.com,4,0,0,0,1,0,1
relo.ai,4,0,0,2,0,0,1
researchpaperstar.com,4,0,0,1,0,0,1
ryanipete.com,4,0,0,1,0,0,1
salesfueldata.com,4,0,0,4,0,0,1
scamion.com,4,0,0,1,0,0,1
seo-lpo.net,4,0,0,8,0,0,1
stackviv.ai,4,0,0,2,0,0,1
statusfield.com,4,0,0,27,0,0,1
supawrite.com,4,0,0,1,0,0,1
thegreenearthgazette.com,4,0,0,0,1,0,1
thetruthcentral.com,4,0,0,1,0,0,1
webbys.pages.dev,4,0,1,0,0,0,1
webcatalog-two.vercel.app,4,0,0,8,0,0,1
zmastery.com,4,0,0,1,0,0,1
8coint.com,3,0,0,37,0,0,1
aiautomationspot.com,3,0,0,2,0,0,1
areaocho.com,3,0,0,16,0,0,1
backlink.co.in,3,0,0,1,0,0,1
bakbak.in,3,0,0,1,0,0,1
basicpropertymanagement.com,3,0,0,3,0,0,1
desiforce.com,3,0,0,4,0,0,1
desiome.com,3,0,0,7,0,0,1
dianafairbankshomes.com,3,0,0,1,0,0,1
duovoltart.com,3,0,0,0,1,0,1
eturkey.net,3,0,0,1,0,0,1
financialtoolset.com,3,0,0,2,0,0,1
georgiaindustryonline.com,3,0,2,0,0,0,1
hakkernieuws.vercel.app,3,0,0,5,0,0,1
homebrokernewsnetwork.com,3,0,0,0,2,0,1
homebuyernewsonline.com,3,0,2,0,0,0,1
internationalrealestatedaily.com,3,0,0,0,1,0,1
internationalrealestatetimes.com,3,0,0,0,2,0,1
linksdirectory.in,3,0,0,1,0,0,1
marketingexperts.click,3,0,0,1,0,0,1
mckeecapitalgroup.com,3,0,0,2,0,0,1
myhomefranchise.net,3,0,0,3,0,0,1
myrealestategazette.com,3,0,0,0,1,0,1
nettools.guru,3,0,0,1,0,0,1
newdirectory.in,3,0,0,1,0,0,1
ozmarketingtrend.com,3,0,0,1,0,0,1
primewebdirectory.com,3,0,0,1,0,0,1
qhtycw.com,3,0,0,1,0,0,1
realestatepressreleases.com,3,0,0,0,1,0,1
subsites.net,3,0,0,0,2,0,1
sunshinedaysrealestate.com,3,0,0,1,0,0,1
techbehindfintech.com,3,0,0,1,0,0,1
thehomebuyerpost.com,3,0,0,0,2,0,1
toolbit.ai,3,0,0,16,0,0,1
topglobalbusinesses.com,3,0,0,0,2,0,1
ucconnection.org,3,0,0,0,1,0,1
whatarethebest.com,3,0,0,1,0,0,1
works.asia,3,0,0,0,1,0,1
1001aitools.com,2,0,0,1,0,0,1
13e9.com,2,0,0,12,0,0,1
160by2asd.blogspot.com,2,0,0,0,36,0,1
1millionfans.com,2,0,0,1,0,0,1
37181asd.blogspot.com,2,0,0,0,52,0,1
37182asd.blogspot.com,2,0,0,0,51,0,1
37185asd.blogspot.com,2,0,0,0,48,0,1
37186asd.blogspot.com,2,0,0,0,34,0,1
3dcstats.net,2,0,0,1,0,0,1
4xxxxasd.blogspot.com,2,0,0,0,55,0,1
5000.tools,2,0,0,5,0,0,1
777ai.me,2,0,0,1,0,0,1
abcc-platform.org.uk,2,0,0,1,0,0,1
acknowledgeasd.blogspot.com,2,0,0,0,56,0,1
acrasolution.com,2,0,0,1,0,0,1
advancebacklinks.com,2,0,0,0,1,0,1
aenthasd.blogspot.com,2,0,0,0,50,0,1
affiliatemarketingprogramcenter.com,2,0,0,1,0,0,1
agent-digest.com,2,0,0,2,0,0,1
ahmadkhalaf.com,2,0,0,5,0,0,1
ai-newshub.com,2,0,0,2,0,0,1
aiandtechs.com,2,0,0,1,0,0,1
aibiz-lab.com,2,0,0,1,0,0,1
aietk.com,2,0,0,2,0,0,1
aifinanceedge.com,2,0,0,1,0,0,1
aifirstindex.com,2,0,0,3,0,0,1
aifuturefront.com,2,0,0,2,0,0,1
aihumanlove.com,2,0,0,1,0,0,1
aijack.info,2,0,0,1,0,0,1
ailistcentral.com,2,0,0,1,0,0,1
aimiracle.ai,2,0,0,2,0,0,1
aipromptshow.com,2,0,0,1,0,0,1
airealestatenavigator.com,2,0,0,2,0,0,1
aistoryland.com,2,0,0,1,0,0,1
aisupatool.com,2,0,0,1,0,0,1
aitechtrack.com,2,0,0,1,0,0,1
aitoga.com,2,0,0,72,0,0,1
aitoolsblog.com,2,0,0,1,0,0,1
aitoolsdatabase.com,2,0,0,2,0,0,1
aitoolswiki.com,2,0,0,1,0,0,1
aiwondersworld.com,2,0,0,3,0,0,1
aixbiz.com,2,0,0,1,0,0,1
akudamadrive.com,2,0,0,7,0,0,1
alexai.blog,2,0,0,6,0,0,1
alignpropertygroup.com,2,0,0,1,0,0,1
alltogetheramericanasd.blogspot.com,2,0,0,0,41,0,1
amirichorbroke.com,2,0,0,26,0,0,1
amrom.workers.dev,2,0,0,1,0,0,1
androidgarden.com,2,0,0,0,4,0,1
answerlists.com,2,0,0,1,0,0,1
anunciosgratuitos.net,2,0,0,1,0,0,1
appraisersidekick.com,2,0,0,1,0,0,1
arabie.ai,2,0,0,24,0,0,1
archetype.mortgage,2,0,0,1,0,0,1
ark-associatesasd.blogspot.com,2,0,0,0,40,0,1
astrovibes3.com,2,0,0,1,0,0,1
atxlendinggroup.com,2,0,0,1,0,0,1
australianwebdirectory.homes,2,0,0,1,0,0,1
autore.ai,2,0,0,2,0,0,1
avizion.io,2,0,0,1,0,0,1
azrealestateclub.com,2,0,0,1,0,0,1
backlinksources.com,2,0,0,1,0,0,1
baira.ai,2,0,0,1,0,0,1
ballantraehotelgroup.co.uk,2,0,0,2,0,0,1
bamsellshomes.com,2,0,0,1,0,0,1
bechols.com,2,0,0,1,0,0,1
begreight.com,2,0,0,1,0,0,1
benderhomegardensnl.blogspot.com,2,0,0,1,0,0,1
bernadettecaswell.com,2,0,0,1,0,0,1
bestaiforthejob.com,2,0,0,3,0,0,1
bestaispot.com,2,0,0,2,0,0,1
bestkitchen.web.app,2,0,0,1,0,0,1
bestrecoverypictures.blogspot.com,2,0,0,1,0,0,1
bestwebstats.com,2,0,0,1,0,0,1
betongold.money,2,0,0,4,0,0,1
bigdatajobszainige.blogspot.com,2,0,0,2,0,0,1
bigfooteventhalle.blogspot.com,2,0,0,0,38,0,1
bigfooteventhallh.blogspot.com,2,0,0,0,45,0,1
bigfooteventhallj.blogspot.com,2,0,0,0,45,0,1
bigfooteventhallt.blogspot.com,2,0,0,0,43,0,1
bigfooteventhallw.blogspot.com,2,0,0,0,45,0,1
bitcoinzas.blogspot.com,2,0,0,2,0,0,1
bizagility.org,2,0,0,1,0,0,1
bizominds.com,2,0,0,2,0,0,1
bizrealtylab.com,2,0,0,1,0,0,1
blogpost.co.in,2,0,0,1,0,0,1
blueheronventures.com,2,0,0,2,0,0,1
bookmarkyoursitec.blogspot.com,2,0,0,0,16,0,1
bookmarkyoursitev.blogspot.com,2,0,0,0,10,0,1
bornbyai.com,2,0,0,2,0,0,1
brettseatonblog.weebly.com,2,0,0,2,0,0,1
brockdoyle.com,2,0,0,1,0,0,1
brokerowner.net,2,0,0,2,0,0,1
builtnothired.com,2,0,0,1,0,0,1
buytropicalhomes.com,2,0,0,1,0,0,1
buzzindaily.com,2,0,0,1,0,0,1
byhomeflorida.com,2,0,0,1,0,0,1
calculate.loans,2,0,0,1,0,0,1
californiamapfires.web.app,2,0,0,1,0,0,1
candiconnect.com,2,0,0,1,0,0,1
capitalinkmiami.com,2,0,0,2,0,0,1
caseyabby.weebly.com,2,0,0,1,0,0,1
catalyst-x.com,2,0,0,0,1,0,1
chatgpd.net,2,0,0,1,0,0,1
chikararealms.com,2,0,0,1,0,0,1
chimera.computer,2,0,0,0,3,0,1
chinamanschance.org,2,0,0,2,0,0,1
christine-joseph.netlify.app,2,0,0,1,0,0,1
clarencesfvancleave.weebly.com,2,0,0,9,0,0,1
cliamas.blogspot.com,2,0,0,1,0,0,1
clifffreeman.info,2,0,0,9,0,0,1
climbly.me,2,0,0,1,0,0,1
cloudsave.blogspot.com,2,0,0,1,0,0,1
cobee.co,2,0,0,1,0,0,1
codesanitize.com,2,0,0,2,0,0,1
codywyomingrealtors.com,2,0,0,6,0,0,1
cognida.network,2,0,0,1,0,0,1
competitors.to,2,0,0,1,0,0,1
computerpartsi.blogspot.com,2,0,0,0,9,0,1
conaresvirtual.edu.sv,2,0,0,1,0,0,1
concejomunicipaldechinu.gov.co,2,0,0,13,0,0,1
conservativejournal.org,2,0,0,1,0,0,1
coollifestyle.com,2,0,0,1,0,0,1
coolwxdin.blogspot.com,2,0,0,1,0,0,1
copythemoney.com,2,0,0,2,0,0,1
corepropertylab.com,2,0,0,1,0,0,1
cornerstonemortgagesolutions.com,2,0,0,1,0,0,1
cresoftware.tech,2,0,0,1,0,0,1
curiousramblings.com,2,0,0,2,0,0,1
curioverse.app,2,0,0,1,0,0,1
cyazer.com,2,0,0,66,0,0,1
dailyexplorers.net,2,0,0,1,0,0,1
datamarketview.com,2,0,0,1,0,0,1
dayooyinlola.com,2,0,0,1,0,0,1
dcr-homes.com,2,0,0,1,0,0,1
dealresult.com,2,0,0,3,0,0,1
deborah-rivalqoc76.web.app,2,0,0,1,0,0,1
deliotechtrends.com,2,0,0,21,0,0,1
desimortgagebroker.com,2,0,0,2,0,0,1
developpement-local.info,2,0,0,2,0,0,1
digitalkuldeep.com,2,0,0,1,0,0,1
digitalscoop.org,2,0,0,1,0,0,1
digitalsmartai.com,2,0,0,1,0,0,1
digitaltimes.online,2,0,0,1,0,0,1
discoverthestate.com,2,0,0,1,0,0,1
discussion.co.in,2,0,0,1,0,0,1
dnww.io,2,0,0,0,2,0,1
domainsandsites.com,2,0,0,1,0,0,1
dommonjilike.blogspot.com,2,0,0,4,0,0,1
doosolwedlimps.blogspot.com,2,0,0,4,0,0,1
dowidth.com,2,0,0,1,0,0,1
dtmxlylikea.blogspot.com,2,0,0,4,0,0,1
dubaisocialmedia.directory,2,0,0,1,0,0,1
duelarenaasd.blogspot.com,2,0,0,1,0,0,1
duvdevan-group.co.il,2,0,0,1,0,0,1
dvdazzlelikea.blogspot.com,2,0,0,4,0,0,1
dynamicdigits.com,2,0,0,1,0,0,1
e-istanbulasd.blogspot.com,2,0,0,11,0,0,1
easystreetoffers.net,2,0,0,1,0,0,1
eatsleepinvestrepeat.com,2,0,0,4,0,0,1
eddiepilikec.blogspot.com,2,0,0,4,0,0,1
edgentiq.com,2,0,0,1,0,0,1
egrowthinvestor.com,2,0,0,2,0,0,1
ellenruby1.weebly.com,2,0,0,1,0,0,1
elyajewelry.shop,2,0,0,1,0,0,1
emilylaura1.weebly.com,2,0,0,1,0,0,1
empireappraisalgroup.com,2,0,0,1,0,0,1
enderaydogdu.com,2,0,0,8,0,0,1
enprodynlike.blogspot.com,2,0,0,5,0,0,1
entremotivator.com,2,0,0,1,0,0,1
environmentnewsmississippi.com,2,0,0,0,2,0,1
enzodimeo.it,2,0,0,1,0,0,1
eonsr.com,2,0,0,1,0,0,1
est8r.com,2,0,0,7,0,0,1
etdartlikex.blogspot.com,2,0,0,4,0,0,1
eusoutubalimp.blogspot.com,2,0,0,4,0,0,1
exploreai.tools,2,0,0,6,0,0,1
exploresimple.org,2,0,0,1,0,0,1
expocoreasd.blogspot.com,2,0,0,1,0,0,1
fallschurchliving.com,2,0,0,1,0,0,1
faribai.com,2,0,0,1,0,0,1
favoritethingsa.blogspot.com,2,0,0,0,3,0,1
favoritethingsd.blogspot.com,2,0,0,0,13,0,1
favoritethingsf.blogspot.com,2,0,0,0,1,0,1
favoritethingsg.blogspot.com,2,0,0,0,12,0,1
fighthomefraud.com,2,0,0,1,0,0,1
financeweeklymag.com,2,0,0,1,0,0,1
financialfinest.com,2,0,0,1,0,0,1
financiallevel.com,2,0,0,5,0,0,1
findimprovement.com,2,0,0,1,0,0,1
findsarasotacountyhomes.com,2,0,0,1,0,0,1
fireside-design-studioasd.blogspot.com,2,0,0,9,0,0,1
firesidewebdesignasd.blogspot.com,2,0,0,1,0,0,1
flexitech.ai,2,0,0,1,0,0,1
floridarealestatewire.com,2,0,0,1,0,0,1
flourbouquetasd.blogspot.com,2,0,0,10,0,0,1
fontlessasd.blogspot.com,2,0,0,8,0,0,1
forcelanlike.blogspot.com,2,0,0,4,0,0,1
foreclosureflips.com,2,0,0,1,0,0,1
fortifylistings.com,2,0,0,1,0,0,1
forza-tesori.com,2,0,0,2,0,0,1
freditech.com,2,0,0,0,2,0,1
freeemailchecker.net,2,0,0,1,0,0,1
freemanlightner.com,2,0,0,4,0,0,1
freyayolikea.blogspot.com,2,0,0,4,0,0,1
ftvkylielike.blogspot.com,2,0,0,4,0,0,1
futureofinvesting.co,2,0,0,1,0,0,1
futuretechblog.org,2,0,0,1,0,0,1
futuritech.io,2,0,0,2,0,0,1
g5r2asd.blogspot.com,2,0,0,6,0,0,1
gazzettabiciclettai.blogspot.com,2,0,0,0,10,0,1
gdebizweser.blogspot.com,2,0,0,4,0,0,1
gehlonelikec.blogspot.com,2,0,0,4,0,0,1
georgiaentertainmentdigest.com,2,0,4,0,0,0,1
georgiapowerfootball.web.app,2,0,0,1,0,0,1
georgiatechnicalreview.com,2,0,2,0,0,0,1
getgrafiweser.blogspot.com,2,0,0,4,0,0,1
getidvclikec.blogspot.com,2,0,0,4,0,0,1
getsupercharged.ai,2,0,0,1,0,0,1
ghopasantelimpd.blogspot.com,2,0,0,4,0,0,1
giantgiraffefund.com,2,0,0,0,1,0,1
gibzmedia.com,2,0,0,2,0,0,1
giganticorpasd.blogspot.com,2,0,0,1,0,0,1
gknwrvlimb.blogspot.com,2,0,0,3,0,0,1
globeinvestinfo.com,2,0,0,1,0,0,1
gnawlenslike.blogspot.com,2,0,0,4,0,0,1
goaskpro.com,2,0,0,1,0,0,1
gobolitelike.blogspot.com,2,0,0,4,0,0,1
goldcoinist.com,2,0,0,1,0,0,1
goldevelopment.com,2,0,0,1,0,0,1
goldinvestmentguides.com,2,0,0,2,0,0,1
googleblog.nl,2,0,0,1,0,0,1
gosubrise.com,2,0,0,1,0,0,1
great.report,2,0,0,3,0,0,1
greyseek.com,2,0,0,1,0,0,1
growth-realty.com,2,0,0,1,0,0,1
growthink.us,2,0,0,1,0,0,1
growthytools.com,2,0,0,1,0,0,1
guaiacasd.blogspot.com,2,0,0,13,0,0,1
h4xvisionas.blogspot.com,2,0,0,2,0,0,1
habgeasd.blogspot.com,2,0,0,7,0,0,1
hackernews.hn,2,0,0,1,0,0,1
hackthpswes.blogspot.com,2,0,0,4,0,0,1
hacolyte.com,2,0,0,5,0,0,1
haileyguidelli.weebly.com,2,0,0,1,0,0,1
hammes.io,2,0,0,1,0,0,1
handagnoweser.blogspot.com,2,0,0,4,0,0,1
hardcomasd.blogspot.com,2,0,0,1,0,0,1
hardmoneyron.com,2,0,0,3,0,0,1
hashtagbrock.nl,2,0,0,1,0,0,1
hathawayfinancial.com,2,0,0,2,0,0,1
hdrepmwes.blogspot.com,2,0,0,4,0,0,1
healthneck.com,2,0,0,2,0,0,1
hedasymbollimps.blogspot.com,2,0,0,4,0,0,1
heyyproperty.com,2,0,0,1,0,0,1
hnhiring.herokuapp.com,2,0,0,12,0,0,1
holeydogweser.blogspot.com,2,0,0,4,0,0,1
homelandlisting.com,2,0,0,1,0,0,1
homeonyourown.com,2,0,0,1,0,0,1
homestagetips.com,2,0,0,1,0,0,1
honeymoon-eraasd.blogspot.com,2,0,0,11,0,0,1
hoopmedswes.blogspot.com,2,0,0,4,0,0,1
horizonfeed.net,2,0,0,1,0,0,1
housingmarket.com,2,0,0,5,0,0,1
hprtmswes.blogspot.com,2,0,0,5,0,0,1
hqwggxmmasd.blogspot.com,2,0,0,10,0,0,1
hxtexplimzd.blogspot.com,2,0,0,4,0,0,1
iinsiderasd.blogspot.com,2,0,0,1,0,0,1
ileskneiss.org,2,0,0,2,0,0,1
illdancelike.blogspot.com,2,0,0,4,0,0,1
iluvnptweser.blogspot.com,2,0,0,4,0,0,1
imitrix.com,2,0,0,1,0,0,1
impactinvesting.ai,2,0,0,4,0,0,1
impentasd.blogspot.com,2,0,0,1,0,0,1
inbvnews.com,2,0,0,1,0,0,1
infinite-3d.com,2,0,0,4,0,0,1
infoatlas.me,2,0,0,1,0,0,1
inglewoodboutiquebandb.co.uk,2,0,0,1,0,0,1
insightfulaiblog.com,2,0,0,1,0,0,1
instaainews.com,2,0,0,1,0,0,1
investbuddies.com,2,0,0,2,0,0,1
investingto.com,2,0,0,1,0,0,1
investingtourist.com,2,0,0,2,0,0,1
investionplusasd.blogspot.com,2,0,0,1,0,0,1
investmentwheel.com,2,0,0,1,0,0,1
investorunderwriting.com,2,0,0,1,0,0,1
iot-solutionsasd.blogspot.com,2,0,0,1,0,0,1
iotcrowd.org,2,0,0,1,0,0,1
iplake.net,2,0,0,1,0,0,1
iplau.com,2,0,0,2,0,0,1
isaac.earth,2,0,0,1,0,0,1
isaacc.dev,2,0,0,1,0,0,1
islandhurricaneasd.blogspot.com,2,0,0,1,0,0,1
iswestonlikec.blogspot.com,2,0,0,4,0,0,1
itavesasd.blogspot.com,2,0,0,1,0,0,1
itskodaklike.blogspot.com,2,0,0,5,0,0,1
ivyluenwes.blogspot.com,2,0,0,4,0,0,1
j0k3ra.blogspot.com,2,0,0,0,1,0,1
jacksonmississippigazette.com,2,0,0,0,1,0,1
jahagatelike.blogspot.com,2,0,0,3,0,0,1
jaifemb.blogspot.com,2,0,0,1,0,0,1
jamesmahannewbraunfels.wordpress.com,2,0,0,1,0,0,1
japspylike.blogspot.com,2,0,0,1,0,0,1
jbworkzlike.blogspot.com,2,0,0,4,0,0,1
jcreig.com,2,0,0,2,0,0,1
jeffmckeeconsulting.com,2,0,0,1,0,0,1
jejufoamweser.blogspot.com,2,0,0,3,0,0,1
jetinvestasd.blogspot.com,2,0,0,8,0,0,1
jfzvitawes.blogspot.com,2,0,0,2,0,0,1
jglcapital.com,2,0,0,2,0,0,1
jiexinhywes.blogspot.com,2,0,0,4,0,0,1
jobripper.ai,2,0,0,3,0,0,1
johnrburt.com,2,0,0,2,0,0,1
jojogisasd.blogspot.com,2,0,0,1,0,0,1
joosyasd.blogspot.com,2,0,0,1,0,0,1
joshsroufe.com,2,0,0,1,0,0,1
junctionvp.com,2,0,0,0,1,0,1
justinallor.com,2,0,0,1,0,0,1
jwest.org,2,0,0,2,0,0,1
jyfulewes.blogspot.com,2,0,0,4,0,0,1
kaajnaqs.blogspot.com,2,0,0,1,0,0,1
kaironailsasd.blogspot.com,2,0,0,10,0,0,1
kaitphotography.com.au,2,0,0,1,0,0,1
kerrnagweser.blogspot.com,2,0,0,3,0,0,1
ketanbhalla.com,2,0,0,1,0,0,1
keygen-pokersuperstars11.blogspot.com,2,0,0,1,0,0,1
kilmarnockasd.blogspot.com,2,0,0,8,0,0,1
knowledgezap.com,2,0,0,1,0,0,1
kochinasweser.blogspot.com,2,0,0,3,0,0,1
kuzai.org,2,0,0,2,0,0,1
kv-matrix.com,2,0,0,2,0,0,1
kv-qa.com,2,0,0,2,0,0,1
laceyhelen.weebly.com,2,0,0,2,0,0,1
leadnurturer.com,2,0,0,2,0,0,1
learnrecap.com,2,0,0,1,0,0,1
lesfreresscoota.blogspot.com,2,0,0,4,0,0,1
lh-matrix.com,2,0,0,2,0,0,1
lh-qa.com,2,0,0,2,0,0,1
lifewithgrit.com,2,0,0,1,0,0,1
lindamccown.com,2,0,0,1,0,0,1
linksjump.click,2,0,0,11,0,0,1
linkstock.net,2,0,0,1,0,0,1
linkus.in,2,0,0,0,2,0,1
lisa-hoover.com,2,0,0,2,0,0,1
lissadesigns.com,2,0,0,1,0,0,1
listmyhostlikedas.blogspot.com,2,0,0,5,0,0,1
llstrausslikesd.blogspot.com,2,0,0,5,0,0,1
loansfit.com,2,0,0,3,0,0,1
londonwallet.co.uk,2,0,0,1,0,0,1
lowrowfarmcornsaya.blogspot.com,2,0,0,4,0,0,1
lpgplannerlikesddv.blogspot.com,2,0,0,4,0,0,1
lsj.homes,2,0,0,1,0,0,1
luxoret.com,2,0,0,14,0,0,1
madronavl.webflow.io,2,0,0,1,0,0,1
magellangin.es,2,0,0,1,0,0,1
makefundsinternet.com,2,0,0,3,0,0,1
maltamiralikes.blogspot.com,2,0,0,4,0,0,1
marcelladvaldes.github.io,2,0,0,2,0,0,1
marketingmedia.solutions,2,0,0,1,0,0,1
massdadweser.blogspot.com,2,0,0,4,0,0,1
maximizanlikedd.blogspot.com,2,0,0,4,0,0,1
meine-zukunftf.blogspot.com,2,0,0,0,1,0,1
meine-zukunftg.blogspot.com,2,0,0,0,12,0,1
meine-zukunftss.blogspot.com,2,0,0,0,7,0,1
mentibus.net,2,0,0,1,0,0,1
mergedeck.pro,2,0,0,1,0,0,1
mervinzweser.blogspot.com,2,0,0,4,0,0,1
methaneeweser.blogspot.com,2,0,0,1,0,0,1
miasinsalikes.blogspot.com,2,0,0,4,0,0,1
micromarketinsights.com,2,0,0,1,0,0,1
mikahellikesd.blogspot.com,2,0,0,3,0,0,1
mississippientertainmentonline.com,2,0,0,0,2,0,1
mississippiindustrywire.com,2,0,0,0,2,0,1
mistyraines.com,2,0,0,1,0,0,1
mmc99.top,2,0,0,0,1,0,1
monegotitlikesd.blogspot.com,2,0,0,4,0,0,1
moneyexplore.com,2,0,0,1,0,0,1
moneytrust.me,2,0,0,2,0,0,1
moneywhistle.com,2,0,0,27,0,0,1
morgandorealtyservices.com,2,0,0,14,0,0,1
mortgagenewsmedia.com,2,0,0,1,0,0,1
mundositlikesd.blogspot.com,2,0,0,3,0,0,1
muskaitools.com,2,0,0,1,0,0,1
myainote.com,2,0,0,1,0,0,1
myfronthome.com,2,0,0,1,0,0,1
mysmartprofit.com,2,0,0,2,0,0,1
nestdaddy.com,2,0,0,2,0,0,1
netxeedweser.blogspot.com,2,0,0,4,0,0,1
newgenaitools.com,2,0,0,1,0,0,1
news360.today,2,0,0,1,0,0,1
newsglobal.com,2,0,0,1,0,0,1
newssprout.net,2,0,0,1,0,0,1
newversecapital.com,2,0,0,2,0,0,1
nexthomeeric.com,2,0,0,4,0,0,1
nexthomehmr.com,2,0,0,1,0,0,1
nextnews.vercel.app,2,0,0,1,0,0,1
nexttravel.in,2,0,0,1,0,0,1
nghexemlikesd.blogspot.com,2,0,0,4,0,0,1
niccoesdlikes.blogspot.com,2,0,0,4,0,0,1
nimconnectlikeafc.blogspot.com,2,0,0,4,0,0,1
nivaclubelikesdfds.blogspot.com,2,0,0,4,0,0,1
nizzcaxlikesd.blogspot.com,2,0,0,3,0,0,1
nocragejh.blogspot.com,2,0,0,0,1,0,1
northernagents.com,2,0,0,1,0,0,1
notunsokaal.com,2,0,0,1,0,0,1
oldneopetslikessdd.blogspot.com,2,0,0,4,0,0,1
onnanosonolikedfs.blogspot.com,2,0,0,4,0,0,1
operation-infinitejustice.org,2,0,0,0,1,0,1
ouroldhouse.com,2,0,0,0,1,0,1
outdoorbootshoes.blogspot.com,2,0,0,2,0,0,1
ownernewstoday.com,2,0,0,1,0,0,1
paketdxlikedf.blogspot.com,2,0,0,5,0,0,1
palmbeachbusinessnews.com,2,0,0,2,0,0,1
pantherecslim.blogspot.com,2,0,0,4,0,0,1
parapluman.nl,2,0,0,1,0,0,1
parentpreneur.ai,2,0,0,3,0,0,1
pcvmurcor.blogspot.com,2,0,0,3,0,0,1
peachstatetimes.com,2,0,2,0,0,0,1
percudo.com,2,0,0,273,0,0,1
perfectfull-stop.blogspot.com,2,0,0,2,0,0,1
perhasolimd.blogspot.com,2,0,0,4,0,0,1
petebathlikeas.blogspot.com,2,0,0,4,0,0,1
petreneur.com,2,0,0,1,0,0,1
phdeck.com,2,0,0,71,0,0,1
picturesvalue.blogspot.com,2,0,0,1,0,0,1
pike41life.com,2,0,0,2,0,0,1
pizzazbagzliker.blogspot.com,2,0,0,4,0,0,1
planetarylabour.com,2,0,0,3,0,0,1
planetniglikesd.blogspot.com,2,0,0,4,0,0,1
playertomelikesd.blogspot.com,2,0,0,4,0,0,1
prakashloungani.blogspot.com,2,0,0,1,0,0,1
pretzelegslimq.blogspot.com,2,0,0,3,0,0,1
princu7.github.io,2,0,0,2,0,0,1
privaterealestateclub.com,2,0,0,1,0,0,1
propchain.app,2,0,0,1,0,0,1
propertyspark.weebly.com,2,0,0,3,0,0,1
proptext.co,2,0,0,1,0,0,1
proptrends.io,2,0,0,15,0,0,1
psimedpdaylim.blogspot.com,2,0,0,4,0,0,1
pumacheckinsurance.com,2,0,0,1,0,0,1
pureimpact.me,2,0,0,1,0,0,1
purerank.org,2,0,0,1,0,0,1
pxlcwd.com,2,0,0,4,0,0,1
pybay16.com,2,0,0,2,0,0,1
qsy5mwl9ppasd.blogspot.com,2,0,0,0,15,0,1
quantumindai.com,2,0,0,1,0,0,1
quickcommissionadvance.com,2,0,0,2,0,0,1
quik-news.com,2,0,0,1,0,0,1
radarthislikev.blogspot.com,2,0,0,4,0,0,1
radiolaondafresca.com,2,0,0,1,0,0,1
randccarslikesd.blogspot.com,2,0,0,4,0,0,1
rating.community,2,0,0,2,0,0,1
realcom.com.br,2,0,0,1,0,0,1
realestateaccounting.info,2,0,0,1,0,0,1
realestateaitools.com,2,0,0,1,0,0,1
realestateinvestorpulse.com,2,0,0,2,0,0,1
realestatetech.co,2,0,0,3,0,0,1
realtor-ai-edge.com,2,0,0,5,0,0,1
realtysynth.com,2,0,0,1,0,0,1
realtytechhub.com,2,0,0,0,1,0,1
redhberlistlim.blogspot.com,2,0,0,3,0,0,1
reducmotolims.blogspot.com,2,0,0,4,0,0,1
reevy.fr,2,0,0,2,0,0,1
replies.to,2,0,0,1,0,0,1
rerformareforme.blogspot.com,2,0,0,1,0,0,1
resideinaustin.com,2,0,0,1,0,0,1
revovalue.com,2,0,0,1,0,0,1
rise-to-thrive.co,2,0,0,1,0,0,1
rmbchains.blogspot.com,2,0,0,132,0,0,1
rocklinbroker.com,2,0,0,2,0,0,1
roxanerappeneckerac28741.blogspot.com,2,0,0,1,0,0,1
ryzupasuklo.blogspot.com,2,0,0,1,0,0,1
saimbsen.blogspot.com,2,0,0,1,0,0,1
salemquarterly.com,2,0,0,2,0,0,1
sampsonbur.blogspot.com,2,0,0,2,0,0,1
santafeskye.com,2,0,0,5,0,0,1
scaledistrict.com,2,0,0,1,0,0,1
scs66.com,2,0,0,1,0,0,1
searchsavingshub.com,2,0,0,2,0,0,1
seegetitlimd.blogspot.com,2,0,0,4,0,0,1
seogods.com,2,0,0,1,0,0,1
sequone.com,2,0,0,0,2,0,1
servicerubin.ru,2,0,0,1,0,0,1
sfrhubblog.com,2,0,0,1,0,0,1
shanathom.blogspot.com,2,0,0,148,0,0,1
shaynemelebuyersagent.com.au,2,0,0,1,0,0,1
sheasellsnj.com,2,0,0,2,0,0,1
shockedsexlims.blogspot.com,2,0,0,4,0,0,1
shroodmyasslim.blogspot.com,2,0,0,4,0,0,1
signday.agency,2,0,0,1,0,0,1
simplihan.com,2,0,0,1,0,0,1
sipoch.com,2,0,0,4,0,0,1
sitelinkdirectory.com,2,0,0,0,2,0,1
skilldential.com,2,0,0,1,0,0,1
slfjjilimd.blogspot.com,2,0,0,3,0,0,1
smartbellinvestment.com,2,0,0,2,0,0,1
smartmoversclub.com,2,0,0,2,0,0,1
smartwebdirectory.com,2,0,0,1,0,0,1
snap.edu.pe,2,0,0,1,0,0,1
snltilelimd.blogspot.com,2,0,0,4,0,0,1
solutionforrealestate.com,2,0,0,1,0,0,1
somduchsurflim.blogspot.com,2,0,0,4,0,0,1
soulclodwnlim.blogspot.com,2,0,0,2,0,0,1
stantem.com,2,0,0,2,0,0,1
starbldeamlim.blogspot.com,2,0,0,4,0,0,1
startuptribunal.com,2,0,0,1,0,0,1
staxtaxes.blogspot.com,2,0,0,139,0,0,1
stockfellas.com,2,0,0,3,0,0,1
stocktradingwebsites.com,2,0,0,3,0,0,1
stronghub.net,2,0,0,1,0,0,1
sunshineandlemonss.blogspot.com,2,0,0,1,0,0,1
supportone.ca,2,0,0,1,0,0,1
surfthesurlimd.blogspot.com,2,0,0,4,0,0,1
swishappraisal.com,2,0,0,2,0,0,1
tamidovecom.wordpress.com,2,0,0,1,0,0,1
technologytranscendents.com,2,0,0,1,0,0,1
technotodays.com,2,0,0,1,0,0,1
techskyler.com,2,0,0,1,0,0,1
tessacarla.weebly.com,2,0,0,2,0,0,1
theeyecreative.com,2,0,0,1,0,0,1
thefuturetech.co.uk,2,0,0,2,0,0,1
thehungrysouls.com,2,0,0,1,0,0,1
theimagessky.blogspot.com,2,0,0,1,0,0,1
theokbrowne.blogspot.com,2,0,0,1,0,0,1
therealtorguru.com,2,0,0,1,0,0,1
therecoveryphotos.blogspot.com,2,0,0,1,0,0,1
thomashenryboehm.blogspot.com,2,0,0,128,0,0,1
timnao.com,2,0,0,1,0,0,1
tinabitersarasota.com,2,0,0,1,0,0,1
tofindai.com,2,0,0,1,0,0,1
toolerific.ai,2,0,0,3,0,0,1
toolient.com,2,0,0,1,0,0,1
toolscope.io,2,0,0,2,0,0,1
topaitool.dev,2,0,0,2,0,0,1
topicplanet.org,2,0,0,1,0,0,1
toplikevideo.com,2,0,0,37,0,0,1
topprudentimages.blogspot.com,2,0,0,2,0,0,1
topsearchesnearme.com,2,0,0,6,0,0,1
topwealthguide.com,2,0,0,2,0,0,1
topwebsiterank.com,2,0,0,3,0,0,1
townshendadvisors.com,2,0,0,0,2,0,1
traderflix.co,2,0,0,1,0,0,1
tradernation.org,2,0,0,1,0,0,1
traderopps.com,2,0,0,1,0,0,1
tradersunite.org,2,0,0,2,0,0,1
tradingnations.cloud,2,0,0,0,5,0,1
trueinsightsreports.com,2,0,0,1,0,0,1
turquoise.digital,2,0,0,3,0,0,1
uco-ai.com,2,0,0,2,0,0,1
unseen.tools,2,0,0,1,0,0,1
upsaleai.com,2,0,0,2,0,0,1
uptimecard.com,2,0,0,2,0,0,1
usbuadlim.blogspot.com,2,0,0,2,0,0,1
usethisai.com,2,0,0,7,0,0,1
valutric.com,2,0,0,1,0,0,1
verygoodalternatives.com,2,0,0,7,0,0,1
voipvidslims.blogspot.com,2,0,0,4,0,0,1
wealthsanta.com,2,0,0,4,0,0,1
webstream.click,2,0,0,1,0,0,1
whfrealestate.com,2,0,0,2,0,0,1
whythis.ai,2,0,0,1,0,0,1
wikicheaper.com,2,0,0,1,0,0,1
winavalonlimd.blogspot.com,2,0,0,3,0,0,1
woncoder.com,2,0,0,1,0,0,1
worex.org,2,0,0,0,1,0,1
worksmartai.net,2,0,0,1,0,0,1
worldculinary.directory,2,0,0,1,0,0,1
worldfootball.social,2,0,0,2,0,0,1
worldinfluencers.social,2,0,0,2,0,0,1
worldofvideogaming.com,2,0,0,0,1,0,1
worldprogroup.weebly.com,2,0,0,1,0,0,1
worldrealestateguide.com,2,0,0,0,2,0,1
xlera8.com,2,0,0,0,5,0,1
yeahthatgreenvilleagent.blogspot.com,2,0,0,1,0,0,1
youthinforex.online,2,0,0,1,0,0,1
zhyshwdlim.blogspot.com,2,0,0,4,0,0,1
ziblimmedia.com,2,0,0,1,0,0,1
zionhmbclimd.blogspot.com,2,0,0,4,0,0,1
ztrdam.com,2,0,0,3,0,0,1
52-205-64-39.cprapid.com,0,0,0,1,0,0,1
aifamelee.io,0,0,0,4,0,0,1
aisnag.ai,0,0,0,30,0,0,1
appraising.wixsite.com,0,0,0,2,0,0,1
bookmarkyoursiteb.blogspot.com,0,0,0,0,3,0,1
bookmarkyoursiten.blogspot.com,0,0,0,0,3,0,1
bookmarkyoursitex.blogspot.com,0,0,0,0,3,0,1
carnetofbord.blogspot.com,0,0,0,6,0,0,1
computerpartso.blogspot.com,0,0,0,0,3,0,1
computerpartsp.blogspot.com,0,0,0,0,3,0,1
computerpartsy.blogspot.com,0,0,0,0,2,0,1
datahousecanary.com,0,0,0,1,0,0,1
directoryoflink.site,0,0,0,2,0,0,1
fsbo.tools,0,0,0,6,0,0,1
gazzettabiciclettap.blogspot.com,0,0,0,0,3,0,1
getstageflow.com,0,0,0,1,0,0,1
gohousecanary.com,0,0,0,1,0,0,1
housecanary-staging-site.webflow.io,0,0,0,10,0,0,1
housecanaryapp.com,0,0,0,1,0,0,1
housecanarydigital.com,0,0,0,1,0,0,1
housecanarydirect.com,0,0,0,1,0,0,1
housecanaryflow.com,0,0,0,1,0,0,1
housecanarylaunch.com,0,0,0,1,0,0,1
housecanarylive.com,0,0,0,1,0,0,1
housecanarymetrics.com,0,0,0,1,0,0,1
housecanarypartners.com,0,0,0,1,0,0,1
housecanarypro.com,0,0,0,1,0,0,1
housecanaryvalue.com,0,0,0,1,0,0,1
housecanaryvision.com,0,0,0,1,0,0,1
housecanaryworks.com,0,0,0,1,0,0,1
imaginativeasum.blogspot.com,0,0,0,1,0,0,1
joinhousecanary.com,0,0,0,1,0,0,1
microlinkofworld.site,0,0,0,2,0,0,1
moneypulseonline.com,0,0,0,1,0,0,1
myhousecanary.com,0,0,0,1,0,0,1
qr4qsmfhrlasd.blogspot.com,0,0,0,0,1,0,1
qssn70.xyz,0,0,0,0,1,0,1
rankongoogle.agency,0,0,0,1,0,0,1
repocn.me,0,0,0,1,0,0,1
resman-test-3c29c7.webflow.io,0,0,0,1,0,0,1
rfbf0odbdnasd.blogspot.com,0,0,0,0,1,0,1
seoexpress.org,0,0,0,10,0,0,1
shadowdocument.com,0,0,0,1,0,0,1
stackify.fr,0,0,0,3,0,0,1
thehousecanary.com,0,0,0,1,0,0,1
top-link.site,0,0,0,2,0,0,1
trusthousecanary.com,0,0,0,1,0,0,1
tryhousecanary.com,0,0,0,1,0,0,1
unanswered.io,0,0,0,1,0,0,1
usehousecanary.com,0,0,0,1,0,0,1
